id,image_url
4q3ewBCX7sLwd24euuV69X,https://i.scdn.co/image/ab6761610000e5eb8ee9a6f54dcbd4bc95126b14
5n9bMYfz9qss2VOW89EVs2,https://i.scdn.co/image/ab6761610000e5ebcc4d7c642f167846d8aa743b
1mcTU81TzQhprhouKaTkpq,https://i.scdn.co/image/ab6761610000e5eb75a6949c1571055dd609f890
0EFisYRi20PTADoJrifHrz,https://i.scdn.co/image/ab6761610000e5ebbbeb7f1f3a9b011b73156dc0
3LKXWvXFWrkwUzJWxzwVpW,https://i.scdn.co/image/0fb75163d5836f4479ddc91775694ba79979db4e
0GM7qgcRCORpGnfcN2tCiB,https://i.scdn.co/image/ab6761610000e5eb72453ad016b059b06fd52569
4VMYDCV2IEDYJArk749S6m,https://i.scdn.co/image/ab6761610000e5eb2204cb5a314573e202f20f8d
4IMAo2UQchVFyPH24PAjUs,https://i.scdn.co/image/ab6761610000e5eb1919bd779536bbcb3a186150
12vb80Km0Ew53ABfJOepVz,https://i.scdn.co/image/ab6761610000e5eb88b99535ed74688cf963d8c8
7ltDVBr6mKbRvohxheJ9h1,https://i.scdn.co/image/ab6761610000e5ebd7bb678bef6d2f26110cae49
0Q8NcsJwoCbZOHHW63su5S,https://i.scdn.co/image/ab6761610000e5eb123f579fb45368b2aaa78192
2oQX8QiMXOyuqbcZEFsZfm,https://i.scdn.co/image/ab6761610000e5eba97f2c907b36d3c1d8e58397
1i8SpTcr7yvPOmcqrbnVXY,https://i.scdn.co/image/ab6761610000e5ebb34caaa3f41eaf9ff5fe849d
329e4yvIujISKGKz1BZZbO,https://i.scdn.co/image/ab6761610000e5eb53029f0f3a0a4b216b9f5df7
4SsVbpTthjScTS7U2hmr1X,https://i.scdn.co/image/ab6761610000e5eb094836334a3e352ba839fefc
64aJYyrXljOodnUG6jvhRD,https://i.scdn.co/image/ab6761610000e5eb12720a4a06a7a2e78c5f42dc
0Y30TbA4p8SAfCzy2AFBa8,https://i.scdn.co/image/ab6761610000e5ebd6e7b9afa42ae264c84f22d4
77ziqFxp5gaInVrF2lj4ht,https://i.scdn.co/image/ab6761610000e5eb2f364933daca7516c6193ffe
2R21vXR83lH98kGeO99Y66,https://i.scdn.co/image/ab6761610000e5ebc5c589b667f600c299552ee5
3MHaV05u0io8fQbZ2XPtlC,https://i.scdn.co/image/ab6761610000e5eb207150975a7266c3560ca6f9
1vyhD5VmyZ7KMfW5gqLgo5,https://i.scdn.co/image/ab6761610000e5eb5d0fc400392250a750a9403e
6w9ToX5slZ4uIdmD17hJ3c,https://i.scdn.co/image/ab6761610000e5eb5332f98f95b18ad1ffa4e0fc
6P6GTRTigHBp8ZesNtpCKH,https://i.scdn.co/image/ab6761610000e5ebefd18d2fec23083d22c8ed09
3RtNN1VnooWEn3KQk03DUL,https://i.scdn.co/image/ab6761610000e5ebf67825837cb85a913d244d93
0GgyFUpOyzWDRDqx8FCTDN,https://i.scdn.co/image/ab6761610000e5eb0f73cca6e26220f7cc61d930
00XhexlJEXQstHimpZN910,https://i.scdn.co/image/ab6761610000e5eb32895c930900c81851cca0c3
1SupJlEpv7RS2tPNRaHViT,https://i.scdn.co/image/ab6761610000e5eb143d99f40e7bb2cc471568c8
33ScadVnbm2X8kkUqOkC6Z,https://i.scdn.co/image/ab6761610000e5eb86d04a127819956aef61e351
1bAftSH8umNcGZ0uyV7LMg,https://i.scdn.co/image/ab6761610000e5eb9b2ccf4bc212d36ae64ee41a
2XcZshqzPKm3iZcmt73R8D,https://i.scdn.co/image/ab6761610000e5ebb401229a5cefc692a9d2741d
1WMwuNKzEFtU6pPkdtryYS,https://i.scdn.co/image/ab6761610000e5eba6db079799d908caddf93b30
2OHKEe204spO7G7NcbeO2o,https://i.scdn.co/image/ab6761610000e5eba8e1d7cdd4f2225a8222080e
0AdjzZxHJ4MfbImx2rD0Df,https://i.scdn.co/image/ab6761610000e5eb12ad0670161e7c325becf32f
2ydZrTy8U3kOMOzx20s3dg,https://i.scdn.co/image/ab6761610000e5ebda2b089ce40b8a1610acf988
4axKuDPr6WKcDCyh8vueTY,https://i.scdn.co/image/ab6761610000e5eb7d6d3f7322438ce894c0ca7e
00me4Ke1LsvMxt5kydlMyU,https://i.scdn.co/image/ab6761610000e5ebf9f2283d080e3581a63daf79
7iK8PXO48WeuP03g8YR51W,https://i.scdn.co/image/ab6761610000e5eb9b7677e5bdee54a0ae0c8262
21451j1KhjAiaYKflxBjr1,https://i.scdn.co/image/ab6761610000e5ebe6cd34548bf23eb55ca44615
6p2442ymrT9lZEuCZJdYcH,https://i.scdn.co/image/ab6761610000e5eba930c6844963452e8f1402aa
3EiLUeyEcA6fbRPSHkG5kb,https://i.scdn.co/image/ab6761610000e5eb24a84b4f14311bc1cb3d7c6c
2wYOpkTJZGByNEOjEnSmoW,https://i.scdn.co/image/ab6761610000e5eb1f3bde2589342bcfbd35eb52
1pgDilWYDWLoOgGjf1iHNu,https://i.scdn.co/image/01b740506d62b329302d55078eb8dc49d32a4f8b
2TjgzYcbTdsZjbT9OItIeB,https://i.scdn.co/image/fb6f6b52082b66ee883bccf31fec0640e901ef25
1RBzGO6Nm3uyhUSxP7EDWO,https://i.scdn.co/image/ab6761610000e5ebee017c13085fa55d3f1af348
3tZdknQnzsVIIdaGCTj4RX,https://i.scdn.co/image/ab6761610000e5eb85d4ffd02837c1a0467e7f0a
0zZJhc1T0zBurhnBwQ2fcu,https://i.scdn.co/image/ab6761610000e5ebdddb554c36da82ebf5f01a8d
790FomKkXshlbRYZFtlgla,https://i.scdn.co/image/ab6761610000e5ebfe5bb3951a54fca253e281a1
1wZtkThiXbVNtj6hee6dz9,https://i.scdn.co/image/ab6761610000e5eb812644afc20cab37c72a8ba9
1DxLCyH42yaHKGK3cl5bvG,https://i.scdn.co/image/ab6761610000e5eb459b9d1006bd715a7e2d5663
0qTZZWLzuD59Un5r1speHm,https://i.scdn.co/image/ab6761610000e5eba4113459d4c8d6334f46bfbc
1r4hJ1h58CWwUQe3MxPuau,https://i.scdn.co/image/ab6761610000e5eb96a9faf8f7ec1da103c63985
2p4aN0Uxkk3iT3HK0cJ2cJ,https://i.scdn.co/image/ab6761610000e5eb2b10a1f3edfdecf74d95a87d
3E6xrwgnVfYCrCs0ePERDz,https://i.scdn.co/image/ab6761610000e5eb7e04b739e0e88aa0da8d6905
0eHQ9o50hj6ZDNBt6Ys1sD,https://i.scdn.co/image/ab6761610000e5ebdd4a7546a655a097dc1b9d04
2cPqdH7XMvwaBJEVjheH8g,https://i.scdn.co/image/ab6761610000e5eb1e85cfd7346402dd9c3c4421
2LRoIwlKmHjgvigdNGBHNo,https://i.scdn.co/image/ab6761610000e5ebe9cf860130c25355b84687a5
1mX1TWKpNxDSAH16LgDfiR,https://i.scdn.co/image/ab6761610000e5ebaa2e120075652341890059e9
1ackd5XprZEkH3McKbQD51,https://i.scdn.co/image/ab6761610000e5eb874c860c7fea4f5c97d4e6d9
2NfSBtmWe7oPw1EmetJVso,https://i.scdn.co/image/ab6761610000e5eb94cf52a04855b3f75496fdf5
5lwmRuXgjX8xIwlnauTZIP,https://i.scdn.co/image/ab6761610000e5eb0d2f605c23090747230416db
0tmwSHipWxN12fsoLcFU3B,https://i.scdn.co/image/ab6761610000e5ebd9a4d3f0b2d741634d55ca6d
06TVTkMAOR935MhkjX0i2A,https://i.scdn.co/image/ab6761610000e5eb8a252d707a414e0a8a07967c
28gNT5KBp7IjEOQoevXf9N,https://i.scdn.co/image/ab6761610000e5ebe769600984af93b876cac668
4SzD0wClEg9NKVJZbCRFqS,https://i.scdn.co/image/ab6761610000e5ebc3e46299a91d813c0c77eb7e
3Wb38LDP3N4tkobValgE9D,https://i.scdn.co/image/ab6761610000e5eb90dc8ae47e297efacd9eccb1
2jSGzJw0ebJLu7OLVSOcBP,https://i.scdn.co/image/eb21793908d1eabe0fba02659bdff4e4a4b3724a
47MpMsUfWtgyIIBEFOr4FE,https://i.scdn.co/image/ab6761610000e5eb1db8a4795dc8b97abc1f6f11
1Ts9of7VPZElwPQnqnDSfW,https://i.scdn.co/image/ab6761610000e5eb337f3bbfd4734f90d6ba93c1
1GDbiv3spRmZ1XdM1jQbT7,https://i.scdn.co/image/ab6761610000e5eb34149919c8ccd138a6c02cf8
4o0NtnL2m0lzZmEdRas1qv,https://i.scdn.co/image/ab6761610000e5eb71b8235eccf131534941eec5
2qbEtwBVyobgpNP5KcHE9J,https://i.scdn.co/image/ab6761610000e5ebff626efb1be750d8ea78a459
4Tw0VaV1ENei24iQnktjXj,https://i.scdn.co/image/ab6761610000e5eba0dc56019927cd7c7feeeeb3
1TtXnWcUs0FCkaZDPGYHdf,https://i.scdn.co/image/ab6761610000e5eb58e637c9f4c9a120ea6d29f7
77GVmrLGuxNEvj2ibvT62v,https://i.scdn.co/image/ab6761610000e5eb30b631283ebcdd3964c9a24a
3IEvQoAohcGX7CdrbtIle7,https://i.scdn.co/image/ab6761610000e5eb3a36f5472c400dc038ac62a8
3jFjgKOGfVLWfXX8q5wrsg,https://i.scdn.co/image/ab6761610000e5eb9306dfb38345dbb1bc01e3f6
4riOEaOW5hCeqomFDBk0aP,https://i.scdn.co/image/ab6761610000e5eba813356bcf63fd41e073eaa3
0KPX4Ucy9dk82uj4GpKesn,https://i.scdn.co/image/ab6761610000e5ebd1d344eba13e66f0cef274b6
7a9gFzWS5uEHtbNNgA6xyM,https://i.scdn.co/image/ab6761610000e5eb6676229f5a220d4094d88ac7
5gUZ67Vzi1FV2SnrWl1GlE,https://i.scdn.co/image/ab6761610000e5eb177389e5f8dfeae0037fe20e
6ieK9Ddas29reReO60on3o,https://i.scdn.co/image/ab6761610000e5eb47d1cd54c136b35f72e731c6
7a0XAaPaK2aDSqa8p3QnC7,https://i.scdn.co/image/ab6761610000e5eb386892627f08fd6ab679bee4
1pQWsZQehhS4wavwh7Fnxd,https://i.scdn.co/image/ab6761610000e5eb3da6d515e399ae789ef563f3
14zUHaJZo1mnYtn6IBRaRP,https://i.scdn.co/image/ab6761610000e5ebfb8b86f3418adb29b60fd3f5
2pQAUIesBqfT87PaM1ijtk,https://i.scdn.co/image/ab6761610000e5eb87dcdc83d51c31a100dd0acb
2LmcxBak1alK1bf7d1beTr,https://i.scdn.co/image/ab6761610000e5eb78bb4688c974972d8e08f6bd
4wLXwxDeWQ8mtUIRPxGiD6,https://i.scdn.co/image/ab6761610000e5ebea64d3b81527134c0d65f341
7slfeZO9LsJbWgpkIoXBUJ,https://i.scdn.co/image/ab6761610000e5eba50f664a6b720e94196ba102
4obzFoKoKRHIphyHzJ35G3,https://i.scdn.co/image/ab6761610000e5eb978f96761eb3fa26b91f1fb8
7qYeIN2r4H1kBvr0Gm9Iav,https://i.scdn.co/image/ab6761610000e5eb1adfe18230a40885a5e71003
5lFhCi03HDneWzvCxGctrT,https://i.scdn.co/image/ab6761610000e5eb59f03ae6ab47594b586679c0
1TA5sGRlKUJXBN4ZyJuDIX,https://i.scdn.co/image/ab6761610000e5ebadc3d9875bcdfdc111ea960c
3jGlU8UMMo44I2xeLQ6FD3,https://i.scdn.co/image/ab6761610000e5eb7d5a16813b37825722f6d163
6BeO1KuAWBqFriL1mLHtNc,https://i.scdn.co/image/ab6761610000e5ebbde67f9fdaf3531de31caad2
4myAXQmMuS1lZe8T6Y7eBg,https://i.scdn.co/image/ab6761610000e5ebd5f4d6302cf39f199c4745a8
7tU1VKOuxiNZwBZC6RHidA,https://i.scdn.co/image/ab6761610000e5eb85a7dcb7677105c17a6c67e3
7cYik4OyfBXYV5Z2TI7p90,https://i.scdn.co/image/ab6761610000e5ebed3fed6430af8f66263f69a3
6XFITTl7cFTdopDY3lUdlY,https://i.scdn.co/image/ab6761610000e5ebdcc7e2281c5b14a0aecfcb07
0TnOYISbd1XYRBk9myaseg,https://i.scdn.co/image/ab6761610000e5eb2dc40ac263ef07c16a95af4e
3SUT1jjM5hzZj9TLfLZGIP,https://i.scdn.co/image/ab6761610000e5eb26cc52c33f40a2a3e1cb47f4
3P4VNQLuN1qQQnL8rMaIkL,https://i.scdn.co/image/e54be6a261b993cc671227bd4ba9f9fc4e8ddde3
0j8QSBQZ9MNSGjHr1Vll1R,https://i.scdn.co/image/ab6761610000e5eb52076f3a1dfff9048a197084
1ljNTY4uIBecRJmy69UNWt,https://i.scdn.co/image/ab6761610000e5ebf59372550193ff28bcd5bfd1
2biH2I1TvZlIIIc5W14oIJ,https://i.scdn.co/image/ab6761610000e5eb604bb37c53f3b4a250527ac2
0KKUc4amZyvswV2YL6WTar,https://i.scdn.co/image/ab6761610000e5ebb04ebc27a3f90d30701592b1
0eecdvMrqBftK0M1VKhaF4,https://i.scdn.co/image/ab6761610000e5ebae9279fc395fec19f47872d3
5mgqYTU6dhKlEdi7DOy4uU,https://i.scdn.co/image/ab6761610000e5eba504b22dcb060d9ddf9e9944
7hIqJfRYGBWWT1Qxu6Cpd2,https://i.scdn.co/image/ab6761610000e5eb08d1474f4d74377ca107cda7
1GKIlPFdcewHtpDVCQ8zmJ,https://i.scdn.co/image/ab6761610000e5ebe007f52ca247a269bb9a8870
0EmeFodog0BfCgMzAIvKQp,https://i.scdn.co/image/ab6761610000e5eb8136bed5d8a80791bbe9ae23
5sUrlPAHlS9NEirDB8SEbF,https://i.scdn.co/image/ab6761610000e5eb45b242f20217176f7e83857b
52aHqEQZ802daFzuMHfcES,https://i.scdn.co/image/ab6761610000e5ebd368fe03846940d105f206b3
1QOmebWGB6FdFtW7Bo3F0W,https://i.scdn.co/image/ab6761610000e5eb6d38c7aebc81afb076354b3b
5jvQoouPSDvUEwynz5KPpv,https://i.scdn.co/image/ab6761610000e5ebd194c53a2f65bbcbd3a2ffe7
0yNSzH5nZmHzeE2xn6Xshb,https://i.scdn.co/image/edabfb79fbf3d71ad9d0961a7b199a1470fe5372
4vhNDa5ycK0ST968ek7kRr,https://i.scdn.co/image/ab6761610000e5eb66c1b8fad87dc59892458036
77iZVjeYoYSl5P0K9mIiUE,https://i.scdn.co/image/ab6761610000e5eb465b3ddb4cea09a2762e80ce
5XJDexmWFLWOkjOEjOVX3e,https://i.scdn.co/image/ab6761610000e5eb195cf1ae5db3ba7c22eb3412
17vZy9fIIt6woqdWfc7UCy,https://i.scdn.co/image/ab6761610000e5eb5194cb5aa83698d3b6c543d2
1fux65HMCBvfJHqlBc4Nno,https://i.scdn.co/image/ab6761610000e5eb5d5db7eb7422fd98f6f026ec
7nuTWfojdN0o8d7NGDo71U,https://i.scdn.co/image/ab6761610000e5eb0fe7cd25c79a6e4023328db6
7qG3b048QCHVRO5Pv1T5lw,https://i.scdn.co/image/ab6761610000e5ebe784d82734a77def7f967703
37UACiDcdzEYii0iU0QpAf,https://i.scdn.co/image/ab6761610000e5ebb2aceb3af7d0befd232e27d2
68w2t0wbrGnxSIUHzWs5bt,https://i.scdn.co/image/ab6761610000e5eb743547415ff3aa28ae318d01
0tR60pwxQ5WKjPxQcKoCQ7,https://i.scdn.co/image/ab6761610000e5eb7ac5f74229df6a63b9392c89
4z19QMyPVRwbd4Fs2LisBa,https://i.scdn.co/image/ab6761610000e5ebbf92faabcb1fcfdda014fc78
5hdhHgpxyniooUiQVaPxQ0,https://i.scdn.co/image/ab6761610000e5ebf6c0e106b139be41baae72fd
07YUOmWljBTXwIseAUd9TW,https://i.scdn.co/image/ab6761610000e5eb28cc5ee1d7ba49cdc7dde27b
0BqURncJM5B1BBu7UM51eq,https://i.scdn.co/image/ab6761610000e5eb710db427ce36c07d6902f1e9
2wkoKEfS6dXwThbyTnZWFU,https://i.scdn.co/image/ab6761610000e5eb58efe6fc6305da076d48ec7f
5J7rXWjtn5HzUkJ4Jet8Fr,https://i.scdn.co/image/ab6761610000e5eb364f118b7f989c6581411474
0vR2qb8m9WHeZ5ByCbimq2,https://i.scdn.co/image/ab6761610000e5eb7ef75910e15bba278b939a70
1GAymyGBvB4gQy5Z5LZ1Wj,https://i.scdn.co/image/ab6761610000e5eba8efc873570b7e84b101cd46
7A02nc5WKMBLqSKXxGZ4o8,https://i.scdn.co/image/ab6761610000e5eba49a0f5fcfdda1b8bf431849
0ZHPrnImGh4re3TbSNkoZl,https://i.scdn.co/image/ab6761610000e5ebbe52891d50a358943a830701
5DUlefCLzVRzNWaNURTFpK,https://i.scdn.co/image/ab6761610000e5eba77fda338041d3024a2316e9
1jSjfSgDjedJdi5MoyRu78,https://i.scdn.co/image/ab6761610000e5eb77daacf2c076796e402e23c9
2ayNSoKPCRAfjp6hQ76hRu,https://i.scdn.co/image/ab6761610000e5eb41680f4ed2cd47c84e8b9001
5M9Bb4adKAgrOFOhc05Y50,https://i.scdn.co/image/ab6761610000e5eb603fdedea1dab4c77d7d8bcc
7rNbdH4pgrnwguvzxhA2Ek,https://i.scdn.co/image/ab6761610000e5ebcfebd17475e8a86c6148b063
05xSLrRgGwm2nCH2SmnNMW,https://i.scdn.co/image/ab6761610000e5eba9298a06d6f6e4f4a54c0af2
7eLcDZDYHXZCebtQmVFL25,https://i.scdn.co/image/ab6761610000e5ebe20d1e9d7eb5b59dd2586997
3vQ0GE3mI0dAaxIMYe5g7z,https://i.scdn.co/image/ab6761610000e5ebf796a976c5597baf6f7b786c
4DYFVNKZ1uixa6SQTvzQwJ,https://i.scdn.co/image/ab6761610000e5ebdcc1069f2a7abbec7a2cb9c1
3YXpTiyVmYCfANOlnWv6vr,https://i.scdn.co/image/ab6761610000e5eb3fd0dfa279be80ed876d401a
6Mjbr8K3MiiRMqmFIB4zWq,https://i.scdn.co/image/ab6761610000e5eb7aa8d4bdc22dc5372b90a429
4RnIr0AAau1SBJMbjJ9poC,https://i.scdn.co/image/ab6761610000e5ebc6c232b760c490ab66cb20c5
1YYp1qwJ7EAitFINQ7gOKV,https://i.scdn.co/image/ab6761610000e5eb366ce71d9440933447234f2c
3nlpTZci9O5W8RsNoNH559,https://i.scdn.co/image/ab6761610000e5ebaa60935c3c4dc4a0fd48759e
4vQV1LCGBdYAt5rIIPjSFZ,https://i.scdn.co/image/ab6761610000e5ebbbe87779d198b31d6d54b80c
1qto4hHid1P71emI6Fd8xi,https://i.scdn.co/image/ab6761610000e5eb4cd0464ef7d8eb8521f72dd8
3rs3EOlJ8jyPpdGiQ9Mhub,https://i.scdn.co/image/c88ecd17387b1733226d728ef621bb91bf85f062
66U02qGDesTqZImnLSiYeE,https://i.scdn.co/image/ab6761610000e5eb0a7a7dadfe1bc9e0971649a8
4etuCZVdP8yiNPn4xf0ie5,https://i.scdn.co/image/ab6761610000e5ebeb26b397cfc1d5b785296cdd
3Ces1OJeGOVGcUB0wPaPXJ,https://i.scdn.co/image/ab6761610000e5eb5296ee9862de29ee24a1276f
2UZIAOlrnyZmyzt1nuXr9y,https://i.scdn.co/image/ab6761610000e5ebc4339841ed995cedbc0cff4e
4QVBYiagIaa6ZGSPMbybpy,https://i.scdn.co/image/ab6761610000e5eb457c9ba97d2dd1342f12eb7f
2Cy7KBSkqu7otJfuMTWT7Y,https://i.scdn.co/image/6727cf7e3163bd702add0ba3a7b4083ae956fe98
6hQHiviB4JUWVmfykjYzcB,https://i.scdn.co/image/ab6761610000e5eb22ebf928bc809d4c7bb0b234
7plUpXSFcSJUZSiZAoXqr1,https://i.scdn.co/image/ab6761610000e5eb3769a26bbfcf734c80590652
39yVoqm6sYFvvqF1RciUVf,https://i.scdn.co/image/ab6761610000e5ebd471aab52533508e4bcf9ba4
7eBQrhxTHcor6gcbcLhqE5,https://i.scdn.co/image/ab6761610000e5eb09defb9786eec41d900c5211
1fctva4kpRbg2k3v7kwRuS,https://i.scdn.co/image/ab6761610000e5eb6666f883c02cc5fc182a10c6
76whng5pl9msPkkjFUtWYn,https://i.scdn.co/image/ab6761610000e5eb401a07e7ab25be8918561564
1K0lOPFlbPF3Volp5qIYNw,https://i.scdn.co/image/3d0597d79bdf4b7c7f3cade64125b2136bb5d51f
7K78lVZ8XzkjfRSI7570FF,https://i.scdn.co/image/ab6761610000e5eb5f8c900bf430e6bfae9ec7c2
03Enzet8KLMkjdeQnbqbmn,https://i.scdn.co/image/ab6761610000e5eb9f50682136dd6c4c928c17d0
3fZk3Gm5dN5v5yfYMQ04Bx,https://i.scdn.co/image/ab6761610000e5ebf64b7eeda594e0ab8deb8b74
7wOZy3KdFVVINgNFFxkxwO,https://i.scdn.co/image/ab6761610000e5eb58f5558a4dbb6d809bae1e6f
1pf0MPKfKdvS8J779mS1Ay,https://i.scdn.co/image/ab6761610000e5ebbfbf1c02bf29eceaadd84e7c
6NmMI7UnfmIpLRYoz8H9jm,https://i.scdn.co/image/ab6761610000e5eb4f36c6d2aabd8dd7543d9781
0odliLZMTk45CEVzF3Zocl,https://i.scdn.co/image/ab6761610000e5eb7a758d6dde8f2b3abaf58ade
3Okcq0dqLVlEFHRZ5t22bA,https://i.scdn.co/image/8a87cea2034ecc3700ad827f99714a701828d8f5
1lgtR3WlcFxEy6yPoOh0J2,https://i.scdn.co/image/ab6761610000e5eba46fc59d130434050e4e1bcd
6FOpWOxsjQxKEbLiJpU1xV,https://i.scdn.co/image/ab6761610000e5eb38e082f05ad4798018f07214
7wU2WGCJ8HxkekHHE2QLul,https://i.scdn.co/image/ab6761610000e5eb147cb1db29a72ed311f07ae2
3PAwspMN27PDm81WwXDsMf,https://i.scdn.co/image/ab6761610000e5eb34b80d042d1280d4bd2ccfa9
4QrBoWLm2WNlPdbFhmlaUZ,https://i.scdn.co/image/ab6761610000e5ebe9f3b03885b3fb7b92395c5a
6w3SkAHYPsQ1bxV7VDlG5y,https://i.scdn.co/image/ab6761610000e5ebefd0f64284cedfab7591c4a6
5bWUlnPx9OYKsLiUJrhCA1,https://i.scdn.co/image/ab6761610000e5ebc989a9c2839895c8687d2da3
4zOhMWD0LoBe2nP7s9cHhX,https://i.scdn.co/image/ab6761610000e5eb5441925c348459c300831be4
2QWIScpFDNxmS6ZEMIUvgm,https://i.scdn.co/image/ab6761610000e5ebbc5aa2e1c5632844b4dd518d
2DmYtFBKcxb3ajwWWgA576,https://i.scdn.co/image/ab6761610000e5eb12cfa437464e4180eb0a23fc
2DspEsT7UXGKd2VaaedgG4,https://i.scdn.co/image/ab6761610000e5ebc2a62a14000269ff2fa656f6
7lCRuW6BSXGAsxuQV9lR0i,https://i.scdn.co/image/ab6761610000e5ebe52bc035fccef431630ba2dc
5luyt0SUvGkDMY4ILP6Qhl,https://i.scdn.co/image/ab6761610000e5eb6f17687bd4458a6145f95fc3
2cy1zPcrFcXAJTP0APWewL,https://i.scdn.co/image/ab6761610000e5eb2357c57a1496db97ed8a8a34
5pZE9tgrhmIGWAsJZ7YxNK,https://i.scdn.co/image/ab6761610000e5ebde69c6f9babffc5943550723
27vNK840zYq6IfDijHPsv1,https://i.scdn.co/image/ab6761610000e5eb641d131db6eedeb6fa77e811
4V8Sr092TqfHkfAA5fXXqG,https://i.scdn.co/image/ab6761610000e5ebec1cd67f4c17468f335206eb
0r8toju2ecKaVtItkzAnNi,https://i.scdn.co/image/ab6761610000e5eb9f85f661de8271cff40fa8b2
2uEjXyVi0SA1HPpj3zquXh,https://i.scdn.co/image/ab6761610000e5ebf5dcec71b91102b11987d1c5
5gOJTI4TusSENizxhcG7jB,https://i.scdn.co/image/ab6761610000e5eb20d6518a838a8dc7bfdb540e
4N5fp4zhTsVITZTVfsXpc2,https://i.scdn.co/image/ab6761610000e5ebe3f87bc61eaedafe14b814a9
7K9rdoOJSiKXoVXPlSkGKT,https://i.scdn.co/image/ab6761610000e5eb5409fe5698ee423576bc03d2
2e4nwiX8ZCU09LGLOpeqTH,https://i.scdn.co/image/ab6761610000e5eba1ca264aff097f33f02a9938
0h1zs4CTlU9D2QtgPxptUD,https://i.scdn.co/image/ab6761610000e5eb9b7e4f8e868dc2adfe6c3f4d
4PrinKSrmILmo0kERG0Ogn,https://i.scdn.co/image/ab6761610000e5eb305f5f33baf8e7d11ff8b753
1noWnd8QFQD9VLxWEeo4Zf,https://i.scdn.co/image/ab67616d0000b273ba89160205df90af1437e0b2
5fJsY7afrbsyzJj9wdzJMh,https://i.scdn.co/image/ab6761610000e5eb872ada5da8b8d530702a84f0
2bxxlINUlcMQQb39K7IopR,https://i.scdn.co/image/ab6761610000e5eb5e4204f8cf61cf28d566fb6e
7Bb4i0RT3zaudzb8KvxTUQ,https://i.scdn.co/image/ab6761610000e5eb3624f047eaa3715031d224e0
6kq4GHwUcUojGIu0ziSNXf,https://i.scdn.co/image/ab6761610000e5eb68c96322a861979fad62198c
16Juw2gfa9IxEL3Vu69cH7,https://i.scdn.co/image/ab6761610000e5eb021c0743f56ff5fb6091205a
3NpG6SsHaQETkdQVZH6V1E,https://i.scdn.co/image/ab6761610000e5eb03c9a58bd8f5484b484b447c
65jIUih0ZeTUJhSTRuYxpi,https://i.scdn.co/image/ab6761610000e5ebbfa1bf676b75a8473e157f3b
2QUvtLq6oQaX0LNsYY2fas,https://i.scdn.co/image/ab6761610000e5ebf67bd71f5d5143352062d13b
4bw2Am3p9ji3mYsXNXtQcd,https://i.scdn.co/image/ab6761610000e5eb4500483a1ba2e4cb2f8bde67
1aWJsBQa67l72j1VT3D6Ow,https://i.scdn.co/image/ab6761610000e5ebd3848049ad1aea071af77b40
4m6ubhNsdwF4psNf3R8kwR,https://i.scdn.co/image/ab6761610000e5eb16d81001af30e58bd1d7de4f
53KTldaJ8tHSkYU3nigfwP,https://i.scdn.co/image/ab6761610000e5ebf415fc312ef01c6c82c2af39
2t7vyRN71qtQT18frElAnV,https://i.scdn.co/image/ab6761610000e5eb9d451fcfcced5a4402304cdc
7okwEbXzyT2VffBmyQBWLz,https://i.scdn.co/image/ab6761610000e5eb152dcec8175d19fb12eeb8e0
6sq1yF0OZEWA4xoXVKW1L9,https://i.scdn.co/image/ab6761610000e5eb452691cfa37fdd5b3417ed0d
4VVEpEhC8NcR7AqNEds42U,https://i.scdn.co/image/ab6761610000e5ebf9e5460dec9c8cb301761a06
69UypehHabb68utzfjAVlV,https://i.scdn.co/image/ab6761610000e5ebea847a803f68d39eae07afa2
0n6sKrG0xKAf8xmdqeNGke,https://i.scdn.co/image/ab6761610000e5ebe2322e7cfdaf1bea3fff8e79
50sIhX3HytFEwQXZJLUZQE,https://i.scdn.co/image/ab6761610000e5eb3cef38d5d22d0db8177ff38a
4NEYQeEYBUjfaXgDQGvFvu,https://i.scdn.co/image/ab6761610000e5eb21fb9c2d53162906b9c23035
2jw70GZXlAI8QzWeY2bgRc,https://i.scdn.co/image/ab6761610000e5eb4cd5711d0422af7209cdf37a
5aB4SpKYteOJ8pAleoKkg7,https://i.scdn.co/image/0e005c30e982cd454a6eef07c89b0ae07e0c6b94
7npqy7rgdX2D3yfVyWExKo,https://i.scdn.co/image/ab6761610000e5eb4f12341242c8c3167d5c2ae2
0IUvQ8DrCymt5IHywZsda2,https://i.scdn.co/image/ab6761610000e5eb37f836ccfca349c18b6129c3
5C4PDR4LnhZTbVnKWXuDKD,https://i.scdn.co/image/ab6761610000e5ebeb27e0d833dcc24c376cb24c
6k8mwkKJKKjBILo7ypBspl,https://i.scdn.co/image/ab6761610000e5eb34a09797a7e38ad9330ace9c
7xeM7V59cA1X8GKyKKQV87,https://i.scdn.co/image/ab6761610000e5ebc013c0aa8fcc3e50677f5544
264nbMzGPSkDZqTY8nXwCG,https://i.scdn.co/image/ab6761610000e5eb3ad2fd00f1e96ce0219af074
6ModsWtBph2rE6zCTVxvZt,https://i.scdn.co/image/ab6761610000e5ebf804d78460a2469d69283161
0XIKGBo9PnK1ApI5tZA60d,https://i.scdn.co/image/ab6761610000e5eb22b2d4713c50ae25a7201429
6tkyhGe9hGI3Lcfo4gVh6Z,https://i.scdn.co/image/ab6761610000e5eb08bfb67cb13074395532f417
5cDfQlhT80II3f2ECXm6oA,https://i.scdn.co/image/ab6761610000e5ebfa5f3f3ba3565c52fe74bf61
2MRBDr0crHWE5JwPceFncq,https://i.scdn.co/image/022102638a204d6cb0bb6276ba2656f9c92bf2c3
0UWZUmn7sybxMCqrw9tGa7,https://i.scdn.co/image/ab6761610000e5eb250f1e78d9f8b375b33e5ad6
1hcdI2N1023RvSwLzTtdsp,https://i.scdn.co/image/ab6761610000e5eb00d55232d7308bcad3108e42
7Hf9AwMO37bSdxHb0FBGmO,https://i.scdn.co/image/ab6761610000e5ebff480914a36f06a1dca2c8e8
23wEWD21D4TPYiJugoXmYb,https://i.scdn.co/image/ab6761610000e5eb1afdb4b3c2ffc005d366134e
5IFCkqu9J6xdWeYMk5I889,https://i.scdn.co/image/ab6761610000e5ebcb6ddcef04b60c7078151ac7
2weA6hhVqTIN2gSn9PUB9U,https://i.scdn.co/image/ab6761610000e5ebb58cbc73f2b755f60134c54b
4pv1Jo4PbYI8LMADJoTWjE,https://i.scdn.co/image/ab6761610000e5eb8260eae50a89f1292772b441
4uoz4FUMvpeyGClFTTDBsD,https://i.scdn.co/image/ab6761610000e5eba52d55f1b4af8cc18bd557be
6Hf2g14O2TP25JUNZuvIgn,https://i.scdn.co/image/ab6761610000e5eb8d3b06c21fc45ce54f0581e4
4mN0qcMxWX8oToqfDPM5yV,https://i.scdn.co/image/ab6761610000e5eb0c387e6ddb399d55a8e51341
1JbemQ1fPt2YmSLjAFhPBv,https://i.scdn.co/image/ab6761610000e5ebe2efbe510ede3ecd9db620f0
1d6dwipPrsFSJVmFTTdFSS,https://i.scdn.co/image/ab6761610000e5eb020121a20d0935ee98019469
1ZVoRDO29AlDXiMkRLMZSK,https://i.scdn.co/image/809530f901c9697984f669b6f4a6fea1dc9762f6
43qxAkuKFB6fMNSeS5dO7Z,https://i.scdn.co/image/ab6761610000e5eb014a2e5468aac4777b1d0b8a
2gDqGAadPIPiA7LtmNn74g,https://i.scdn.co/image/ab6761610000e5eb4ea81c45c3e7f96244ece553
4OgNARLQSC4yy7Dsa5cqxx,https://i.scdn.co/image/ab6761610000e5eb08d697859c0b6ad074734d04
7mWCSSOYqm4E9mB7V4ot6S,https://i.scdn.co/image/ab6761610000e5eb7d888623c984600e6af1fdc5
15YnmlNukYCFvwaFnoDwwV,https://i.scdn.co/image/ab6761610000e5ebc70544f7af8dcacedbd2dc75
5xd2Tg7Zo8755eCy8Gxkp8,https://i.scdn.co/image/ab6761610000e5ebe950e4a585ee924a874014f9
77aLk6J8ofnVxa1eXK9jiU,https://i.scdn.co/image/ab6761610000e5eb52493594acd9b3678e9128a9
2O3v9rCTzLhPFaGaAVgZLt,https://i.scdn.co/image/ab6761610000e5eb68c2164a213ca52f65fbd22f
4RjamFQJNT8nVbTKXJDJgv,https://i.scdn.co/image/ab6761610000e5eb714e207a203d62693c6587a4
32x1uogH2zajP85pzZAtuE,https://i.scdn.co/image/ab6761610000e5eb3e2431574940af06903aea6a
5H1nN1SzW0qNeUEZvuXjAj,https://i.scdn.co/image/ab6761610000e5eb5f8bb457ee2815cc276ddb9d
52iwsT98xCoGgiGntTiR7K,https://i.scdn.co/image/ab6761610000e5ebe69c72bc38dd096c7bd42270
0AqlFI0tz2DsEoJlKSIiT9,https://i.scdn.co/image/ab6761610000e5ebaf96d1453d77d1d758c224bd
716NhGYqD1jl2wI1Qkgq36,https://i.scdn.co/image/ab6761610000e5eb12085fdb28f314e01ef73a19
2IMZYfNi21MGqxopj9fWx8,https://i.scdn.co/image/ab6761610000e5eb0bb169e3c278dc073b43d074
2qWK8K2Jfh67UqtwY8tCW6,https://i.scdn.co/image/ab6761610000e5eb3c8d2ce6ac7e9cfdf6ba2808
4IG1SDlwgNKzqTmjBrvY3K,https://i.scdn.co/image/ab6761610000e5eb351497ab26eae0bc95d8d7c6
4puAp107dCehraE47QXVQX,https://i.scdn.co/image/ab6761610000e5eb7482d3ee6fb2ae5b235dec27
1SiLK8gdECx2iEm2SSj0Bl,https://i.scdn.co/image/ab6761610000e5ebe5ea83b5de23a89904c83e81
5pughe5rcsOq3GF0utMOs5,https://i.scdn.co/image/ab6761610000e5ebd87ca8a7a2e6ce6f83d9f956
6Nl4VXcX86fBMO4YE6oYfN,https://i.scdn.co/image/ab6761610000e5ebc3657d934d8dcbbb1c9f2b78
01m2XZ7m7rAz6KY3scTdaV,https://i.scdn.co/image/ab6761610000e5eb8c5dee7ae8ad5d42182997d6
48vP5SxlTO6yOI7SLKIOQV,https://i.scdn.co/image/ab6761610000e5ebd7d6d1ddf37e9298033bc0c4
5TYxZTjIPqKM8K8NuP9woO,https://i.scdn.co/image/ab6761610000e5ebdfb9d2cb6a43021d9002a10e
40lro6xpFS9TxV2uC7yvs4,https://i.scdn.co/image/ab6761610000e5ebb50d4ea42cc7abe2f1376b83
2zPvDg6LI6NHPQVQIESjfW,https://i.scdn.co/image/ab6761610000e5eb3b990d389d3f168bcde55038
2IKdK6PbitvCiXt1t2bPU6,https://i.scdn.co/image/ab6761610000e5ebc14086a25b6bdf4329420d0d
1OBizG9nrnHJkrL9NjnWYN,https://i.scdn.co/image/ab6761610000e5eb5cf1ef8b05cdec830fef81dc
4IC2X34tZmHG3VfTbpzvwL,https://i.scdn.co/image/ab6761610000e5eb30abfbcd5d54894e9340e649
0Yg29FX1M4ayqjXs0ttZFq,https://i.scdn.co/image/ab6761610000e5eb7aeaaab2c42cbebe82f3c77c
6H70hylNqfc86Omz8GoyDB,https://i.scdn.co/image/ab6761610000e5ebe0c5c2874cbd8a612b36c15b
348pk4o3EhKmsSahzuClSf,https://i.scdn.co/image/ab6761610000e5eb687600a13bb57ef13f075c64
0VZrPa7mWAYXH4CwmYk8Km,https://i.scdn.co/image/ab6761610000e5eb939db8fa23c5ea603ed04554
25THA9HUHoxpCT4LBp7UsZ,https://i.scdn.co/image/ab6761610000e5ebbb862018edbbaeaeb0f960d0
0Hkx0YcHHxDRRbH9WsSW0I,https://i.scdn.co/image/ab6761610000e5eb058b22aa62c696ce58ddf1d4
4D2d63igYEdzhzFnxrSow7,https://i.scdn.co/image/ab6761610000e5eb2363470ece148dcbc06c9525
2byU53ebtTxcAnIRE814Ts,https://i.scdn.co/image/ab6761610000e5eb8608e12e17314f7b7469a1c2
5LeiVcEnsZcwc133TUhJNW,https://i.scdn.co/image/ab6761610000e5eb0bd2a5deecd7641dfd693e34
60uh2KYYSCqAgJNxcU4DA0,https://i.scdn.co/image/ab6761610000e5eb04c4062671c216a926f425f2
4U7lXyKdSf1JbM1aXvsodC,https://i.scdn.co/image/ab6761610000e5ebc9ea82332c05d870ce3cfe6e
7mUBMaZW1MXGswaneb0JTT,https://i.scdn.co/image/ab6761610000e5ebefee3250a04917d78a21a6cc
368rTiMKMrz3b03az6B14w,https://i.scdn.co/image/ab6761610000e5eb0564f328f301441b8e640bd7
5B6H1Dq77AV1LZWrbNsuH5,https://i.scdn.co/image/ab6761610000e5eb70f08f633c78d37071b55f7a
5kSJMVPcTITrSZxTrHllVN,https://i.scdn.co/image/ab6761610000e5ebcc0d81132bd8d26c7d990b29
3AIPhNgeF9S1Kyg9Yy3UQW,https://i.scdn.co/image/ab6761610000e5eb4af41d5ca296f24f760f9cc2
7qAoXV4U0qDxQAUqhszjAA,https://i.scdn.co/image/ab6761610000e5ebe8824b7a6dffc7ac76c96ef2
5xSx2FM8mQnrfgM1QsHniB,https://i.scdn.co/image/ab6761610000e5ebfd42f7d16d0a5c30c09e50ea
3VCrybIJKH7UurbDcZbMmn,https://i.scdn.co/image/ab6761610000e5ebe6034cb3c8300c09cd179fea
49Z1AvGeUaBSanPaOmplK6,https://i.scdn.co/image/ab6761610000e5eb0be096b2196b0bdb00cdd63e
2urF8dgLVfDjunO0pcHUEe,https://i.scdn.co/image/ab6761610000e5eb4f66ae1f0b375991c6d9ca2d
3bvfu2KAve4lPHrhEFDZna,https://i.scdn.co/image/ab6761610000e5eb96f3b815e734ee172bcdf245
4TCAAIMmeZXCTVlHUsicOn,https://i.scdn.co/image/ab6761610000e5eb09852b1b82e758366f576bd0
5Y3MV9DZ0d87NnVm56qSY1,https://i.scdn.co/image/ab6761610000e5ebfa1929a26839ae468cf85f07
3p3jPcp8b7WL9XYj4xlsWj,https://i.scdn.co/image/ab6761610000e5eba7de9f1c290f2e932fe83d90
5UN0rzL594mWY2RbOtZqIN,https://i.scdn.co/image/ab6761610000e5eb0a04d3ebf0fda9a2b3a568ec
2x7PC78TmgqpEIjaGAZ0Oz,https://i.scdn.co/image/ab6761610000e5eb18af5b851999c50e3b7b1cb4
6cC67GpmPCjQjOYLpmOGhN,https://i.scdn.co/image/ab6761610000e5ebfb21766fb6dad831cc8b7f72
38epWdyauFwdRkldqUMfWE,https://i.scdn.co/image/ab6761610000e5eb7e7f9f4544d5e3a2ee800f94
3wsYquQ9CiMlYG54BUR2ff,https://i.scdn.co/image/ab6761610000e5eb549c7c08031606b62b600917
2TQ4CGgxxCWHqa9yYIGDoU,https://i.scdn.co/image/ab6761610000e5ebfcc91102f40f5daed383740a
5wUO3A6DT4tO5UDz21kE2Y,https://i.scdn.co/image/ab6761610000e5ebddfb98195479b7e1a754ce2b
4cJD9t5QBFTUQcd3xfbOb2,https://i.scdn.co/image/ab6761610000e5ebba72ab78c81d0ea16818843e
66lf5bQo2BIEue1pxfgxQS,https://i.scdn.co/image/ab6761610000e5eb88cce591764e5d0dc95fb563
6vPXtLmNd3mW0dd1Rb9eQ9,https://i.scdn.co/image/ab6761610000e5eb9e855ed552647416afe0e9ed
3E7NGbzUGlOjgYY8nvtijR,https://i.scdn.co/image/ab6761610000e5ebdef9c708fa272ebed879c84c
6GEaxHZNiogI175zUr4KvH,https://i.scdn.co/image/ab6761610000e5eb3f142b103c461a7ac165f68f
4C29ETLBPmYKYwtJUepbJz,https://i.scdn.co/image/ab6761610000e5eb3d1ed5beb2d6e6257dfc9b42
0Xo4VFS3v07L0GwIVkZLfg,https://i.scdn.co/image/ab6761610000e5ebff0d6c65e8237b1096a6697a
768O5GliF0bqscyghggrbE,https://i.scdn.co/image/ab6761610000e5eb76af908f3cfcac6cf6b5c220
1vqR17Iv8VFdzure1TAXEq,https://i.scdn.co/image/ab6761610000e5eb67d0ad198019f83fe131304b
0bYQe0JDIjxkSHQoXlfngl,https://i.scdn.co/image/ab6761610000e5ebb4985306d52643aaa2b57008
15RLdM61VHtknTIYIuNviR,https://i.scdn.co/image/ab6761610000e5eba79e3018641653ae8b2bfceb
5l4GdLELvdnXZVT5g947i3,https://i.scdn.co/image/ab6761610000e5eb80d72d75245d1e6c2441b87b
2Jb9jVnCpWkXtoGznFJ6bF,https://i.scdn.co/image/ab6761610000e5ebd84d831dd03085bd459a8bb4
0adJG3bdFTHCkTY28NkY4u,https://i.scdn.co/image/ab6761610000e5ebf3ba08ecd314e20cea240a45
4QmDIEVrROsBAad02Mlc1p,https://i.scdn.co/image/ab6761610000e5eb0bed14130f7bfe8abce1d346
0sHeKC0Zcxpz4wOHHE5oJ7,https://i.scdn.co/image/ab6761610000e5eb5fe9738550881f6f7e3dbb83
0OROVBEZCocg0FcgJpyBse,https://i.scdn.co/image/ab6761610000e5eb82e1d726d26d83643e0d2455
4LbuSjHhhAddvN44qXpRJo,https://i.scdn.co/image/ab6761610000e5eb1887f68f59e3f555754ebf2e
5dbaLmK5SHLLg8Z4CcTJpX,https://i.scdn.co/image/ab6761610000e5eb3f92d719fe7223ad9fdd2be6
1phfTBIocBW3UwqcYjaEN6,https://i.scdn.co/image/ab6761610000e5eb051bb93744074bf628c71822
1bZNv4q3OxYq7mmnLha7Tu,https://i.scdn.co/image/ab6761610000e5eb48a2c040284bcba297a4e6a6
6GRC8segVAr34gm6pjfSoQ,https://i.scdn.co/image/ab6761610000e5ebd68ffbdb2e562fdd4eb866b5
5BwMgvRwlq61SmknvsVIQj,https://i.scdn.co/image/ab6761610000e5ebdea0cd678edd47fe4b31e3c7
5vLOlJcOKe9DfBC5LeLpSs,https://i.scdn.co/image/ab6761610000e5eb4a237edd6d1813444225a8db
1vrahybrKylgwkjhbmOz94,https://i.scdn.co/image/ab6761610000e5eb9805a7d2689558400db9d9d6
6dexNK5MjEL8UvmA5MjSgg,https://i.scdn.co/image/ab6761610000e5ebbc5af9dec3d59aba54b468fa
3OcvS8PzSGYMBvLdzY6g3e,https://i.scdn.co/image/ab6761610000e5eb28b853a1c78b14c2cbc5086d
22P1OY4TRFRwhP0q29loQ8,https://i.scdn.co/image/ab6761610000e5eb36bd1496e4f707f8a6a5774d
11YLRSsZA3YVuQQtHXKTlz,https://i.scdn.co/image/ab6761610000e5eb02421a368a7cc3fcaf147c06
3HH6yOn1yJNZo3RY5zEfy5,https://i.scdn.co/image/ab6761610000e5eba27ac01599c4291434bb2b87
62lbdm09j0QUbWB7SqCJvt,https://i.scdn.co/image/ab6761610000e5eb353d4cda36afbd18d4c7b186
5RwfJb8wxN1fuodcPORVxP,https://i.scdn.co/image/4758fc2c8895a4889fe887ea7198dd7d4e14464f
72v53CufRiSyqcQ78KUQ5p,https://i.scdn.co/image/ab6761610000e5eb6333b5d807b82832930171bd
1dJyh390MvfYPuNbhnbSDs,https://i.scdn.co/image/ab6761610000e5eb1db427adcfc7b6ba896a378b
1dbp04JzZ81JXlMGupCnJ8,https://i.scdn.co/image/ab6761610000e5ebf426747381f6b2e75f2cca34
3zhijRRIZX2B6G2T7vJl9p,https://i.scdn.co/image/ab6761610000e5eb084fa23929cb593f08f8dfce
0txXDZCdXBzha20sgN1GRk,https://i.scdn.co/image/ab6761610000e5eb0494f2ac44a6a81ff7654afb
7f02bxFbZIOVdSbYRNYvLT,https://i.scdn.co/image/ab6761610000e5eb62bf24aea73d22f18f8b54fb
6AT27ojKlBuZToFIGwQZDc,https://i.scdn.co/image/4cd90c5d3de7d6fe736bc420bf217092a39741eb
4JreHVYyb6GqE2BU03Kx96,https://i.scdn.co/image/ab6761610000e5eb6010e5e6e5c0ef91c5d4f7cf
7yjRUA0Iz3VI4Kqa5oPJZK,https://i.scdn.co/image/ab6761610000e5eb5e7555acb14b80f9e79c8561
1wGIhYkKWSq4yACtTkCkSX,https://i.scdn.co/image/ab6761610000e5eba91405d63c939682e4efdcbc
1PNgAcUW6UgN59okEaTpvG,https://i.scdn.co/image/ab6761610000e5eb694816ed931f729d5effe689
6TASDj2ogOKQptnxgEvrcP,https://i.scdn.co/image/ab6761610000e5eb72ed00b47de529c724bb64c2
1ykothWH0xl8drRyJWuw7I,https://i.scdn.co/image/ab67616d0000b2734a2cfa7ff9391b0b9d83fab1
6UBb8ZUUyarsyod6snflAR,https://i.scdn.co/image/ab6761610000e5eb9e37198ae7bd14f898e35ccd
0FDJB5xf8i09jDjIg1qNED,https://i.scdn.co/image/ab6761610000e5eba27dc91963fe26a981bdbcdd
7vXDAI8JwjW531ouMGbfcp,https://i.scdn.co/image/ab6761610000e5eb0cd53a4c51d4cde67789432d
0haZhu4fFKt0Ag94kZDiz2,https://i.scdn.co/image/ab6761610000e5eb1630ace4444837a538d34048
4boI7bJtmB1L3b1cuL75Zr,https://i.scdn.co/image/ab6761610000e5eba0cf570a96052c5243dcd4b6
4uqzzJg3ww5eH7IgGV7DMT,https://i.scdn.co/image/ab6761610000e5ebfbd4d3ee2ef5070e0aa234c0
1Db5GsIoVWYktPoD2nnPZZ,https://i.scdn.co/image/ab6761610000e5eb2688765e9480cbae4c5d691c
2z3KntXLyEF5Lvz1kpdBoA,https://i.scdn.co/image/ab6761610000e5ebe051a92b55113af37e881a91
5NS0854TqZQVoRmJKSWtFZ,https://i.scdn.co/image/ab6761610000e5ebcd07df3b3284d11536a1b00b
4tLUnrSgMM7tT0zVs3wX61,https://i.scdn.co/image/ab6761610000e5eb32a06509a9fadda25868e328
3ATyg4fGC9F8trfb0GRWmX,https://i.scdn.co/image/ab6761610000e5eb950174a9aa24bd9b87000396
2mUI4K6csTQd3jieswcmiI,https://i.scdn.co/image/02bdfed4ac00f4bced6cf9bde8d03c4770d3e7de
2GzKA5uPf3Nef6JjkUNk4H,https://i.scdn.co/image/ab6761610000e5ebeb9dd27bb613e7b10c515b8b
3TLGNOdp1UWYMnV5XG9HkR,https://i.scdn.co/image/ab6761610000e5ebdda586db241bf0f6e0535f91
1ADdpen72RPuafRcv0YRBf,https://i.scdn.co/image/ab6761610000e5ebb4d9b8a37cf66beca4e5654e
6HTUcOExehqydqa7C3usAa,https://i.scdn.co/image/ab6761610000e5ebf55f98e211caf7acffcfdd7e
4ssUf5gLb1GBLxi1BhPrVt,https://i.scdn.co/image/ab6761610000e5ebda79b27fb7ed372c7df916fc
72R3RMGmSmzG57R7OUaDaN,https://i.scdn.co/image/ab6761610000e5ebb28d8611e2dd7854d77d8cc9
13VwGEitoK8J0qjNjbgeTN,https://i.scdn.co/image/ab6761610000e5eb3a75d12c95348c6bbfd56c7a
6ZK8loFAzWKSFe3b7Lrq4V,https://i.scdn.co/image/ab67616d0000b2735c773ae14a1460b04ae8ab04
1Vr7DTbtTpOp4tn4hAGOYo,https://i.scdn.co/image/ab6761610000e5eb952fcb8be372b671b696b33b
3Apb2lGmGJaBmr0TTBJvIZ,https://i.scdn.co/image/ab6761610000e5eb0da6be77755f7dc658759351
0dUyjgCyjfj5eMx6bX2TWf,https://i.scdn.co/image/ab6761610000e5ebd4b856da002039eb8ce1805a
4EcIU574ksr6mC1GMEOe0p,https://i.scdn.co/image/ab6761610000e5ebf8dc60cf6517ac24c1b2134f
3t7UqWteBBmHXkcVhMSyay,https://i.scdn.co/image/ab6761610000e5eb6ae5accfce3af95725a80b75
5ClJtuiNlr83ua45Dvpcf7,https://i.scdn.co/image/ab6761610000e5eb8cb8c4a306356d4e72f12e18
0K59Fm1y7s3j498ueS4qzY,https://i.scdn.co/image/ab6761610000e5ebffcd68a1cc895a489f557023
69BUYvpG9MbjCyIZfsFdhJ,https://i.scdn.co/image/ab6761610000e5ebc2ab48da78edcd1f929eb096
3jO5UGHrEzfd5YIamfs7Ir,https://i.scdn.co/image/ab6761610000e5ebd802587be4827c71e3e75855
43hb5av90CTCWFldaaTp7n,https://i.scdn.co/image/ab6761610000e5eb3dc138e76e7b27bb0e25dfb7
4aeIWo5CMF1uRmqgJdwkZW,https://i.scdn.co/image/ab6761610000e5ebd30f9a429e2aa4eb9d1ddf21
3tAICgiSR5PfYY4B8qsoAU,https://i.scdn.co/image/ab6761610000e5ebed165e2586ad0d13b2bc078b
7afXSXOa8dE3c2C5XIguAv,https://i.scdn.co/image/ab6761610000e5eb1d4621cdfd025be285e2cfdd
4kcnsS1aAB40FMcLD01gmI,https://i.scdn.co/image/ab6761610000e5ebfc07203eae732c92d72f2025
3ZtIhDSOuRkpDyqjx53X1R,https://i.scdn.co/image/ab6761610000e5eba13eeedbbad39601b0a13de9
4bJh7sMPcVRiqe5jlnsWQV,https://i.scdn.co/image/ab6761610000e5ebe9aeecbe10830137c4816b8c
4nXXIxTneJksvGXrlmX8oA,https://i.scdn.co/image/ab6761610000e5ebb8f598224caa8b1371059864
0jeYkqwckGJoHQhhXwgzk3,https://i.scdn.co/image/ab6761610000e5eb3912a311272f7b3ce56b2551
0zGM73sadbAOBLev02P8LO,https://i.scdn.co/image/ab6761610000e5eb811a2c80493660e20ad2fc22
2DP9xStkVVv753RBiEHXQB,https://i.scdn.co/image/ab6761610000e5ebe19e07273c64fb35c283904c
03Yb3iBy9GCifXiATEFcit,https://i.scdn.co/image/ab6761610000e5eb6b204aa054bc0ce378462976
108moq3rq6bm1M4Ypz0J02,https://i.scdn.co/image/ab6761610000e5ebe364b70e75860fb98604fb0f
5B8ApeENp4bE4EE3LI8jK2,https://i.scdn.co/image/ab6761610000e5eb1e7d48150ced6100142a7138
2uyweLa0mvPZH6eRzDddeB,https://i.scdn.co/image/2ae2272c989c4a0921f0dd99240ef51784fda6f3
5lODCkFdEtpPn3YxfmyLfT,https://i.scdn.co/image/ab6761610000e5ebbada8e184bd77e4484d5f0c3
2HvyR5FsU37QMqVzIbGwl7,https://i.scdn.co/image/ab6761610000e5eb513c5e2928bba4a3d4608eb4
44nb9BaqV2jVvxKCaXHwlP,https://i.scdn.co/image/ab6761610000e5eb1fc64f81515cd5d1a08c0bab
1G89WXRVVAEjU4VIwgg6XD,https://i.scdn.co/image/ab6761610000e5eb3472eaad69b01369abfebb37
0i5iO6icb7kxg48thi9gBM,https://i.scdn.co/image/ab6761610000e5eb8f4ed6fa785cdb13c3e1f9db
5YCc6xS5Gpj3EkaYGdjyNK,https://i.scdn.co/image/ab6761610000e5eb632866253c99e4531985aa1a
2gRP1Ezbtj3qrERnd0XasU,https://i.scdn.co/image/ab6761610000e5eb74dc5cfab4be58a97ab61d35
3rqKgkODmiyDdimpz5D3y1,https://i.scdn.co/image/ab6761610000e5eb288410ce07aac7ca0dd2752d
128ftF9X7Kd7Di2fq3wYVs,https://i.scdn.co/image/ab6761610000e5ebbd5cbba4c21df590739d4530
2oT7xd9iTO2ejLsNGIMa5f,https://i.scdn.co/image/ab6761610000e5ebd9d45c111ed57ff967cd46ca
5Hsv8dUHHOdnn72q4XIVz7,https://i.scdn.co/image/ab6761610000e5eb52a11e3ff6141b14a5858860
3HrbmsYpKjWH1lzhad7alj,https://i.scdn.co/image/ab6761610000e5eb39bb27c9cc186cb2479a48d6
4ClsVDy2g7RKSSlvq8cF6d,https://i.scdn.co/image/a39283ebc434e867bbfa42818764a2c4b432edca
11mqrDSFRRz8g0Wb3syJj5,https://i.scdn.co/image/ab6761610000e5eb32da892bd74fedc3a32bf16f
1ne2c2YEgt4MmJCJGCsfsZ,https://i.scdn.co/image/ab6761610000e5ebe1bb310836f08c0877112944
7qjoG7bwhAjSd7nJTcjgAk,https://i.scdn.co/image/ab6761610000e5eb3bf69466fac25464cb8652e6
1c84wItoiAe1pEbpJMqUmQ,https://i.scdn.co/image/01a4bd3a5b74f35a8d47961c3bfcb94206eda751
7zLcnirfgw1VEHHshuGcDR,https://i.scdn.co/image/ab67616d0000b2738f41487d9316d9cf87307959
29SeiO68HQHBs7pDdWOvvX,https://i.scdn.co/image/ab6761610000e5eb4375c6be9120788fd0d33959
2zF0KCQEt1O4Z9fWVUVi4T,https://i.scdn.co/image/ab6761610000e5ebcd641d42ef6d9f9c33e34e62
6vetaGijEBK3wfhtCUWRBS,https://i.scdn.co/image/ab6761610000e5ebe2d4af0f574f417083634d3e
6slyJwua5e5GuhuP82sTHR,https://i.scdn.co/image/ab6761610000e5ebfa943ac8eb39fcf83eb5642a
0UH4eoqwQgADwRoaKtEKc1,https://i.scdn.co/image/ab6761610000e5eb2542f88573dc59f36adaa53d
3m5qlPf2OkihLz3dRYnkPA,https://i.scdn.co/image/ab6761610000e5eb4bb8dc84b665069642ed381e
4FeDV8T2wgjzYKBamSp7MG,https://i.scdn.co/image/ab67616d0000b273a18523f50067d4390dd86b97
132xFnGXTZoDfZWuMDE4tc,https://i.scdn.co/image/ab6761610000e5eb0839ae679be9a0067c1251d7
2eEmsgWmUFMbtU7agJpnjY,https://i.scdn.co/image/ab6761610000e5eb9c7c6dc9d7ade38e819ca20b
4WOIfFwyvx22jM0eg2fpKv,https://i.scdn.co/image/ab6761610000e5eb0de6cd4c427eaff96120b571
2bimgkRmsxRhhuWsOnd5rz,https://i.scdn.co/image/ab6761610000e5ebd2b36358bf75e563b3ecd756
3NIZFmehJM8YiGpCdihlck,https://i.scdn.co/image/ab6761610000e5eb252d4c6ef84e1efcd9825500
4vOycwLXdkMMzpZW04VW5m,https://i.scdn.co/image/ab6761610000e5eb75c86c08848892e3996655cb
0xf0KaVp6AMWgesiBh6fee,https://i.scdn.co/image/ab67616d0000b273276a312bc7aa404a9295cb70
63xFjf6Ww22O5gHrBP79G9,https://i.scdn.co/image/ab6761610000e5ebf384d79083e6d6dbc243e52e
5yoimVE1rbc3kAx4uwr7eq,https://i.scdn.co/image/ab6761610000e5ebd416a44868fd0c1467b10052
5Uox3n7m4W2CoM9MmHPJwQ,https://i.scdn.co/image/ab6761610000e5eb844a5425369facf36685a3ab
5XsWrYhwadPBjW20qYbdZg,https://i.scdn.co/image/ab6761610000e5eba2bb7c400bbdd36de742e9fc
7awyvLSthqOcL5A3hnR1pf,https://i.scdn.co/image/ab6761610000e5ebfdfceb6ce0e3685aaef60bc7
1AACxWCwNIa3ecOBQJnXRV,https://i.scdn.co/image/ab6761610000e5eba90c3f60fad4ffd03007c435
5YekZn3GGnPIURNA6RG124,https://i.scdn.co/image/ab6761610000e5eb8b292ea605f0b366b81b66d5
6IE6z7DcZIT4Ml3Fh5Ivch,https://i.scdn.co/image/ab6761610000e5eb2c4b4251247aa30c7b6de155
7p5DVejD1eXP8GO6clYQlE,https://i.scdn.co/image/ab6761610000e5eb88026d16cdb20899234a4eb5
4F4pp8NUW08JuXwnoxglpN,https://i.scdn.co/image/ab6761610000e5eb6d2d0aa45aca13037f0b54bd
4kKaAWGdu6WW0W415RWaQA,https://i.scdn.co/image/ab6761610000e5eb7d1939bbae5aa20bf104034f
2gKYxTUOqw9aPt7ljMwSHT,https://i.scdn.co/image/ab6761610000e5eb53719f3b53a4ed3ec4829222
3lY9Fxceu60W1rbon7PkuF,https://i.scdn.co/image/ab6761610000e5ebb482ef57eda2cd57e7661446
0GWdY55YF6xzN5L1A0X8nq,https://i.scdn.co/image/ab6761610000e5eb5afcc391d8e3876040a109ed
7gR53ad9JjCweCv4f9MWEX,https://i.scdn.co/image/ab6761610000e5eb59ac817f9ff22a8faa678c4d
2AZOALDIBORfbzKTuliwdJ,https://i.scdn.co/image/45025bd1014527e8f113b22fa647da7a142c3d6c
3YHFRVdfHlJ98iAc50PIYk,https://i.scdn.co/image/ab6761610000e5eba930ac00ac3eabc9de737522
1c22GXH30ijlOfXhfLz9Df,https://i.scdn.co/image/ab6761610000e5ebf9cef9d3691a827de8f1cf3f
2GrNjfw23jqL1NTopPlc6c,https://i.scdn.co/image/ab6761610000e5eb7cce2a70d6ef089fb7973325
36KsCCwgI0Dep97yVJWmkK,https://i.scdn.co/image/ab6761610000e5ebaf1b90db208cf554c44b7ddc
6kaefrHSdAvxhhCVDFTCEL,https://i.scdn.co/image/ab6761610000e5eb0ef534da716d886451374f17
4IjHltwoSKbUeZLPeULyDe,https://i.scdn.co/image/ab6761610000e5eb331fe3853209166a883c4c2d
2tY2GFdhH0Wa2VBvsxew5X,https://i.scdn.co/image/ab6761610000e5ebe39d6ee27ad7186cb9c6f4c3
4J0m1OquRGY8HYHxMocXfy,https://i.scdn.co/image/ab6761610000e5eb5c86b4939130923027399156
6NAhbfEqeWELwfjH391Vz0,https://i.scdn.co/image/ab6761610000e5eb2ded1511978619168d08f677
3vxYNXtM9uOMdRAXTXgtmf,https://i.scdn.co/image/ab6761610000e5eb4362ad079d85534961a1d1d2
12lHTAdc9T204lw5qPtasv,https://i.scdn.co/image/ab6761610000e5eb54ab334a203e461238a46c7e
7fT2Me47PQ8T7954PKrcwR,https://i.scdn.co/image/ab6761610000e5eb851ae4ad6527c02b397337a4
0LALueHEQunQ2d61fXGeZh,https://i.scdn.co/image/ab6761610000e5eb3ec801ef6e66aae17694426c
3JkgQ8Jjwt2mkeOsg5yhqh,https://i.scdn.co/image/ab6761610000e5ebcc18f69ac9b9fac37e4577bf
0wn2qDKzeFlhjRUtJAwJjp,https://i.scdn.co/image/ab6761610000e5eb1a216112e18ad8f5e2adf755
6i3DxIlAqnDkwELLw4aVrx,https://i.scdn.co/image/ab6761610000e5eb99cbf685383bb1d6db59b056
6ESkuwldylZr39AIAPC63J,https://i.scdn.co/image/ab6761610000e5eb0dbbb2b8c4424c818c0106a4
1dpnxi6xgoB2kaRYnnoatZ,https://i.scdn.co/image/ab6761610000e5ebe44524680238d97bffb950b2
7thnnayFyJnVOAJrpe5wMC,https://i.scdn.co/image/ab6761610000e5ebea981967e55358368dc4176a
6qhOH2mrlqUDod9sWA5kR2,https://i.scdn.co/image/ab6761610000e5ebf4ec89abadc41dbee74502b0
3v8mFhjLFa50QK8zDvAMYN,https://i.scdn.co/image/ab6761610000e5eb37d67502e4f37ac2fc79af69
2UFqwY8A3PLcx8pAkg9g5P,https://i.scdn.co/image/ab6761610000e5eb352069799c0013b73c8836df
13wFTN72PGSUxzEHJP5Ljs,https://i.scdn.co/image/ab6761610000e5eb4c71da827b931079b3bc664c
6gvh8pQI316iafbHiT7B3y,https://i.scdn.co/image/ab6761610000e5eb14ddb86dcb0887b8479b4c86
23herDudxPBB3S81GB5uG3,https://i.scdn.co/image/ab6761610000e5eb4e2ab3385f5660edc634e8c2
5o7fmoqHl79fzoCzeApdxm,https://i.scdn.co/image/ab6761610000e5ebdb71fc810458b08fcff9938f
6J6yx1t3nwIDyPXk5xa7O8,https://i.scdn.co/image/ab6761610000e5ebe1505788450cae47fb199051
4rriNpL1lxpoysDDctWgl3,https://i.scdn.co/image/ab6761610000e5eba311e0127e3b05963523cd58
3SCOuAxngTC1yGjKMcIPEd,https://i.scdn.co/image/ab6761610000e5ebaad998c3d8ff77f2b90b66e7
1QhaqxeqF9sipS2gwbEKpu,https://i.scdn.co/image/ab6761610000e5eb334c841c9a00210607162078
66RfYVdftqnuHRicyClgL0,https://i.scdn.co/image/ab6761610000e5ebfa68f9b68ee4427226d071bb
3cuVSUrq0yoSSP7gpvI6q1,https://i.scdn.co/image/ab6761610000e5eb422690f36b04c8d9d89bfd53
30BSBWLKnYJION1lCPugXc,https://i.scdn.co/image/ab6761610000e5ebc0fe1ea17cee816cac70a9a4
6uFTGm4t8Z6tXyCm22sLQM,https://i.scdn.co/image/ab6761610000e5eb503364ed8665d3fe3618493f
19IsMFpELM7g2UDuwDlZvU,https://i.scdn.co/image/ab6761610000e5ebd615f1db067d879c53e4d000
3mXI2gpwWnNO9qbQG3n3EP,https://i.scdn.co/image/ab6761610000e5eb5341360a8dfbde93f727e747
40JMTpVRUw90SrN4pFA6Mz,https://i.scdn.co/image/ab6761610000e5eb7be991bac65c54b186e5f608
3sc8HnadkPW5YaIGbCljw4,https://i.scdn.co/image/ab6761610000e5eb17b8e98f5176fe2fc40e6893
1KfBKoozFugeT1PBkz33xl,https://i.scdn.co/image/ab6761610000e5ebe7da92a77c738f31fafcaeb2
5wx70QuZtxRUIIYek3RSaV,https://i.scdn.co/image/ab6761610000e5eb4963f8157e013589e9524e1b
2SNfNJDsahTSVFwgxposF5,https://i.scdn.co/image/ab6761610000e5eb61328abb2bc8ac15bbccc8fd
6ZZ2DeepA3GpoGU4KwqSlU,https://i.scdn.co/image/ab6761610000e5eb501452b1e16776dba96b5cde
4ZDoy7AWNgQVmX7T0u0B1j,https://i.scdn.co/image/ab6761610000e5ebfa902c2fd91243e63cdd2a78
3jO7X5KupvwmWTHGtHgcgo,https://i.scdn.co/image/ab6761610000e5ebd25ab3ee01527706a3b47cc6
4Sm7JCttzWMwHJtb3UJ8SY,https://i.scdn.co/image/ab6761610000e5ebf1f84eda0a59383aedc5bcbc
0WZOmdnCln6FK6GM9e2tGm,https://i.scdn.co/image/ab6761610000e5ebf44e0586f36d65e94fce58e8
6JaSyvyg28SHC0Of8YE6M9,https://i.scdn.co/image/ab6761610000e5ebf01742d97f34461881909634
4vEpUOtKWtpotWkuv0Vlx4,https://i.scdn.co/image/ab6761610000e5ebd8a5198cbe70d810c355f343
2IzxJqK9NbSIdw7rQVW03P,https://i.scdn.co/image/ab6761610000e5eb253d2a92e2bb5b02549d99c3
5O46r5EwzdUL8RR1aM6yU2,https://i.scdn.co/image/ab6761610000e5eb3a57bdf290ec2f3aece27b78
0WI8OfWCRvK4nGHmKfFQmd,https://i.scdn.co/image/ab6761610000e5eb6deee7c4105996919bf18328
7zpvy5B9gb5KprNUzNCOEE,https://i.scdn.co/image/ab6761610000e5eb7bb4da448e2d6b43fed13202
4B4YYJ0BAYBK86yxqQV7mu,https://i.scdn.co/image/ab6761610000e5eb80f359f2d407f3932a76f6e9
7cLoxFihGCVL3s1K3xHK4I,https://i.scdn.co/image/ab6761610000e5eb250cfe433ccc4b8bc3d0b279
3ECxfxbxwRMTXdy1I5HWJq,https://i.scdn.co/image/ab6761610000e5eb80a0f763405229a603ace592
3e6e7N2fMD8rtk2PBVyMkm,https://i.scdn.co/image/ab6761610000e5eb185566687dae757ae25bc6e6
1OUDQLymoysITxprkd0Qvj,https://i.scdn.co/image/ab6761610000e5ebe8e83b53e2b7a1cbff94f54a
0PbO1lSBsJPgyqdEypJJVb,https://i.scdn.co/image/ab6761610000e5ebe903b825e2e5b42ad7db38a6
6ZvYYrrfpb1Z7kICDyxWQE,https://i.scdn.co/image/ab6761610000e5eb4a4ca27e5aaeaa355e140c86
3zPWcnruZBNnrd22uS8UBy,https://i.scdn.co/image/4833a756522ab5e5c18729b98fa57331e7f8ceb2
6LZA6PhNCwUfHzqfpN1nYL,https://i.scdn.co/image/ab6761610000e5eb24271941ac4106f06716ae26
2XVoz4hoXgQ3C2BTGxl9V2,https://i.scdn.co/image/ab6761610000e5ebc3d1f122463ed158d7bf034b
5x3mrCTZmkoTXURN7pWdGN,https://i.scdn.co/image/ab6761610000e5eb9c1cc3fc8f082bb7146a4165
1fHGzTSloWCtrlKfbLNVhM,https://i.scdn.co/image/ab6761610000e5eb438213ab2fd7ab3065aefee3
7FnZWGw9lwOr7WzieTKEPR,https://i.scdn.co/image/ab6761610000e5ebf3efa8b0813cab869845dde2
2ydE5oBt6cwsDxH1TpIFmO,https://i.scdn.co/image/ab6761610000e5ebf632ef29aa1cff9e8a723cca
6Itjwvv5YmsC8ZcI5N4Jux,https://i.scdn.co/image/ab6761610000e5ebcb7f584dba6d09a0120103c1
7mXfsy3lF4kU0f2KTNKSr8,https://i.scdn.co/image/ab6761610000e5eb44e8e4bc1f4de805a806cf0c
0UTsdD7VIsEB9i7a6DDx5t,https://i.scdn.co/image/ab6761610000e5eb62b108db4f058e282208abd3
4L5SLCIDWPPNGzrLraYCOS,https://i.scdn.co/image/ab6761610000e5ebdbb516507b98726f2ae64033
30HlKUFTsqlFQsPfyv2yuM,https://i.scdn.co/image/ab6761610000e5eb2b3463affd2ae7731f92936c
3smfreCkyJt7bShaTYpG77,https://i.scdn.co/image/ab6761610000e5eb34b622aa23d008f8c59e92d6
12PSlydMSjEHzSCj9X5qv7,https://i.scdn.co/image/ab6761610000e5eb0feee74aea6c89ebaae3913e
4d3kmfoZBTuUPSUjgP45uo,https://i.scdn.co/image/ab6761610000e5ebce4d1d7eab65a93569a2886b
6XmHtVhgpE33VHFEp2V1P8,https://i.scdn.co/image/ab6761610000e5eb7b7fe72f6aca6536a198dd8a
7E7CVSqFdLyh0K4AE9uTMo,https://i.scdn.co/image/ab6761610000e5ebfb7429e08829bf1ab3e5887f
1tZ99AnqyjgrmPwLfGU5eo,https://i.scdn.co/image/ab6761610000e5ebd5ed89f6dd4961b5442ea527
5oYHL2SijkMY52gKIhYJNb,https://i.scdn.co/image/ab6761610000e5eba40f5812b577a0528b459e70
6genEcweKnEZ92TZvdeLFl,https://i.scdn.co/image/ab6761610000e5ebd6c80b9b4e82d421a3064802
2Ax9wZpdlg4r2zkc3pcI8U,https://i.scdn.co/image/ab6761610000e5ebf05521f1166e353bf77ba193
4frBEXn8nhWzOVwfCSpuYB,https://i.scdn.co/image/ab6761610000e5eb300868ffcd048a9db0a27f84
1mux8L6xg2Cmrc7k0wQczl,https://i.scdn.co/image/ab6761610000e5eb2297c714549631dbd9a24024
2OnKRchqP7tT0FzTvWIFI7,https://i.scdn.co/image/ab6761610000e5eb96b5ff74160fe7fcc9eb930a
4x7kxyIgzgtrHYDQ8SCzo2,https://i.scdn.co/image/ab6761610000e5eb34658e9a3990bf613d91aa6e
4yNdrUaF54csrLixVTnqzC,https://i.scdn.co/image/ab6761610000e5ebe557da8cf5d56882ade536f8
4DeiqSO9kyWDr1KuQTYMVg,https://i.scdn.co/image/ab6761610000e5eb88b8f6bd49ca72b8911226f4
2gaFnEQydJdWNkT17NLZm3,https://i.scdn.co/image/ab6761610000e5ebfaa8671beb22a5730ba17dbc
5ovBCDCRU118CMxJ1KpAOw,https://i.scdn.co/image/ab6761610000e5eb9d2740b47534b3e9d56cca38
2fC8dVxeS2bsfIDvFj1M4V,https://i.scdn.co/image/ab6761610000e5ebfbeeda33c888b90e703dca19
0TeVa4xdLB8vdzjsvKH6Ri,https://i.scdn.co/image/ab6761610000e5ebb31cb9358fdf9e534c01b648
3HgZDevp7GspkLUAa5cKne,https://i.scdn.co/image/ab6761610000e5eb666c2282d0066e21081958f2
01p7Homi0d4XxZ06f2NYYD,https://i.scdn.co/image/ab6761610000e5eba3e45a4d54d08113f2f23f1f
4UGA0TDpRVVt2SCz8FZOMm,https://i.scdn.co/image/ab6761610000e5eb235ec16bcc7e7c6cc2fde7be
2a48vLoCcVkOMcCSqXreOF,https://i.scdn.co/image/ab6761610000e5eb2ba4caf7937022f2c9cf683c
4VYSLPSI9yb8qkUpKyVQSJ,https://i.scdn.co/image/ab6761610000e5ebf2bee20999e4cab02ea35c5b
6gm3ZEpugRTHbtEn3A6Siw,https://i.scdn.co/image/ab67616d0000b2738f585a4902702e7d98c903d3
5GNSVtCq2hiXDx7jUA5Iou,https://i.scdn.co/image/ab6761610000e5ebaa564bb7b4fd1c25df0bb051
0zgFL90nGTrH2iOMD8Vysy,https://i.scdn.co/image/ab6761610000e5ebbf875e09c8aeacc86a9d267f
0OltT51j3hIkgaDJqqPzDn,https://i.scdn.co/image/ab6761610000e5eb2733b3485f1950bd7874fff6
5zaT4Qu9otu6z4oyWjRqM2,https://i.scdn.co/image/ab6761610000e5eb37ffec129463fc86d584a00a
61hAcjvvUS6EXMpeeHwaDi,https://i.scdn.co/image/ab6761610000e5eb60be36baf412f01c6c745c67
3uC20p2EoNm5LYtzSVWdkL,https://i.scdn.co/image/ab6761610000e5eb250f5cfa668189c95b65a556
2Qm12OdHFDHSpWhBMpO16L,https://i.scdn.co/image/ab6761610000e5ebb60db9dab1687c34b4b40ee8
55n0yLUMpJbCd20oPNRbo6,https://i.scdn.co/image/ab6761610000e5eba56b7acff63d89a8c9fa92a7
5v287QKYZ7Dyuw4CNzv89p,https://i.scdn.co/image/ab67616d0000b273e415825edc259f350d02a044
5R6YR0pasdxlynyq0Abq7x,https://i.scdn.co/image/ab6761610000e5eb413085500ee8cb0fd339667f
1MuQ2m2tg7naeRGAOxYZer,https://i.scdn.co/image/ab6761610000e5ebe1988a1a730ae50728967a16
2FFrhWZS9vJsh2UvxYPRr6,https://i.scdn.co/image/ab6761610000e5ebad85dd3f57f08a11a1723886
2TkDdk47FGnvxcjQGDdPd0,https://i.scdn.co/image/ab6761610000e5eba8ce5015814ae30e2bc2f7c6
17XxPdvl2MD39MnT9zhNjU,https://i.scdn.co/image/ab6761610000e5eb4f6dd6464db94eebea3e6ca3
4A03xFVufDpEqOY9fQlFue,https://i.scdn.co/image/ab6761610000e5eb390d1267834fd52088a65c26
5pyTY6jmdDNfKmmlo92Vfd,https://i.scdn.co/image/ab6761610000e5ebc027a1974e311fca5e3db808
7i1CyQ1fogh4bkj3EPj3ls,https://i.scdn.co/image/ab6761610000e5eb317a94a2d9ea36392aab27cc
3oNy8cjBtJzLC07I70sklp,https://i.scdn.co/image/ab6761610000e5eb5f98bb5a9eb2fedee9e424ee
4EzD52bDFGZTEeEucKHtDs,https://i.scdn.co/image/ab6761610000e5eb27e6a2eaa83d01d463a360a8
3Yg61bt7pZYX1bbMXEj8oY,https://i.scdn.co/image/ab6761610000e5ebed44e1dbc10caa73dd9e98da
5lYeiQxUTcGKVgAuTqbTeL,https://i.scdn.co/image/ab6761610000e5eb9f5d7a4538c195c7dad2a6ca
7bWN0FHvLppK8ozEH6exdi,https://i.scdn.co/image/ab6761610000e5ebabd850e94d66e6f6ad1665e8
6viZnVSHavFUcW0blu6Mvw,https://i.scdn.co/image/ab6761610000e5eb652105f5416e555ae600665f
4nSgEvZncnC5oNPVrtwnLd,https://i.scdn.co/image/ab6761610000e5eb55518414c69d41fbc253849e
2BTS8Np1YzPQuXjgdlqsBB,https://i.scdn.co/image/ab6761610000e5eb9c290f00e6d4a6355c35fde1
2KxjMGXFgX1vt9grpbD3xI,https://i.scdn.co/image/ab6761610000e5ebf200f3431af03c6dc230d806
4sGC7K2rSpWrWudBgYPMce,https://i.scdn.co/image/ab6761610000e5eb48d33d30e70e06f25da3d76a
3qiQUUvazYmo7tBgQeb2rf,https://i.scdn.co/image/ab6761610000e5ebb8e29f2dcafd7434ef2dd215
4bWHA8fMNjzfGPQqnh5D6y,https://i.scdn.co/image/ab6761610000e5ebee80e52eb54b96b9fca7d6f0
1m9WPOccw8sizsVYUhSVjZ,https://i.scdn.co/image/ab6761610000e5ebffa6401dd333800cfb9826ba
16M8fuShcwX8uBDdmFZH9B,https://i.scdn.co/image/ab6761610000e5eb0083d40b34a43a129ece4569
5Q2fyL2TcdUY9IqKTkGk5G,https://i.scdn.co/image/ab6761610000e5eb580d5ad9b1314a75481a2132
7x6XYw3yCC67Pizi4o0wvZ,https://i.scdn.co/image/ab6761610000e5eba29b51a76dea896c5ef258db
0NnUMWDCDi1snuMja6IdxH,https://i.scdn.co/image/ab6761610000e5eb8daed617f11b7b3e2b4063a6
4kcQWQDK0u9AftVSpdrAgk,https://i.scdn.co/image/ab6761610000e5eb3fca8f811d58764d010d4408
5Rj6rNR8zIlUUDCs1OyPmW,https://i.scdn.co/image/ab6761610000e5eb3e748a80dfef04c3494af36a
2Otnykd696YidQYfEGVmNq,https://i.scdn.co/image/ab6761610000e5eb80a6da5c611ee9eca093619b
5nKGeITSNCVP76muyOlszy,https://i.scdn.co/image/ab6761610000e5ebaaabfca7099907a0aeee3715
3QmmtMrEf7aQrsd1VtejAV,https://i.scdn.co/image/ab6761610000e5ebc473dd95b0b810f91cb75385
1xJAOe5igcfHGUbMHxsTBq,https://i.scdn.co/image/2ee3ae6ea81fcc0aae6c375fa01fe00f869ec145
3m6N2XBSZqfkujRvGYcdi8,https://i.scdn.co/image/ab6761610000e5eb40880affeeb9d0bae62493a3
0cEa9u1e3cDLXCZxxiuEmi,https://i.scdn.co/image/ab6761610000e5ebe702ffe971d8019d8fe07e88
7esCoLcCoCK7FPa9casAH4,https://i.scdn.co/image/ab6761610000e5eb22e25fa06d149d50de39ec86
1hMa6SwU2t8eUEETAAbk9z,https://i.scdn.co/image/ab6761610000e5ebebb2720d06e7d5e621665f6a
40FzPNKgu0k9VMvvidiKCl,https://i.scdn.co/image/ab67616d0000b273733ee7a8bc790007746e0255
3MqjsWDLhq8SyY6N3PE8yW,https://i.scdn.co/image/ab6761610000e5ebe564d1c9b3aa9f696874deab
0mdD8YXAyJDJ2BHxIKF0Yf,https://i.scdn.co/image/ab6761610000e5eb45734b8dc5c3fe7071400852
1rTUwYS38LkQTlT2fhikch,https://i.scdn.co/image/ab6761610000e5eb5ce6494340213ddf1642bbf3
6hYxQDiGct9yfRlSEv3F8a,https://i.scdn.co/image/ab6761610000e5eb11a9bbad96cf27a988494936
0nqpXa8bkBlWgS9FKhNCuj,https://i.scdn.co/image/ab6761610000e5eb598c78b1ba472bc722d97d78
6ZtLRqHEkAXPWVw0eRbDac,https://i.scdn.co/image/ab6761610000e5ebaffb1ff4c5c90d1bcbff3023
6L3x3if9RVimruryD9LoFb,https://i.scdn.co/image/ab6761610000e5eb607aabc9bcd03dd778339a6f
2CCgb0KApjfQDuTppovpf8,https://i.scdn.co/image/ab6761610000e5ebe5a07f5f18128eaae12f8756
66ArjpKRgw8vYBf9yhktto,https://i.scdn.co/image/ab6761610000e5ebebefb385e141777c485dc3d6
43Hr2FjhVehkROIIEb7EfQ,https://i.scdn.co/image/ab6761610000e5ebb3e53c9c2e17c0a47fee74a2
1QJbbsxg2wqidJj51d3otw,https://i.scdn.co/image/ab6761610000e5eb3d8e0e040f1d046fa7d8f875
2w1wJcGdJQ4Lw08oKBnDsw,https://i.scdn.co/image/ab6761610000e5eb3051862ced0a6ac8147304fc
0fwnNjAay5ZHP5bAd63g8Y,https://i.scdn.co/image/ab6761610000e5ebd7dd523af756459095840b3e
4FActBvkmDc8h3sI5vbMPZ,https://i.scdn.co/image/ab6761610000e5eb7685f5bc4eca2c64386705af
7eH1UUCyxL8Wf9PztvvPJ6,https://i.scdn.co/image/ab6761610000e5eb12a46f4c57418cbea452e729
6ZYIXbXuZWooEUSJlRtew2,https://i.scdn.co/image/ab6761610000e5eb83062cb14b0e115214b33748
5p1ARDx76hnOXoeigLIKit,https://i.scdn.co/image/ab6761610000e5eb2a66fdf279aedbf27c5a25a2
5UopXhshFFqRIMfeZrBclq,https://i.scdn.co/image/ab6761610000e5ebb6473287eab59c6a40d93e84
2ECP3nWC88LaFz4oQzTo3Z,https://i.scdn.co/image/ab6761610000e5eb266adcf7df7ca201e8a529c7
2VSRhqonKsL7KRAIk8SMmt,https://i.scdn.co/image/ab6761610000e5ebdb7d7b4dc5392421f524d0e2
4zbqGb99bANxJBsvwRr2zT,https://i.scdn.co/image/ab6761610000e5eb3843a6259038f25fe8ffab1f
6HqgxkTt9KGyt27zYrwVan,https://i.scdn.co/image/ab6761610000e5eb7e8750c1d60323f205d8f76d
56n1NeXsTOOxjX3Z4lVMTJ,https://i.scdn.co/image/ab6761610000e5eb3ab473e158510f75261428bf
2OnH4HpywAxWkSOEsyjdjn,https://i.scdn.co/image/ab6761610000e5eb8a54616a29cd1dce3a86d19c
451DVjaBuGYfvDfvG9MxaG,https://i.scdn.co/image/ab6761610000e5eb6b615e13073a7fe9cf9dad64
224rbIjYbXaTI7lnP2ZMNJ,https://i.scdn.co/image/ab6761610000e5eb31642a0655a8b2f2ef4fc4fe
1v7iZcyrm4fHfsEBiseomy,https://i.scdn.co/image/ab6761610000e5ebff7a079673aa618e4f1204de
4rvJ0Ktz2X2Erea9XUHxfu,https://i.scdn.co/image/ab6761610000e5ebd92cb89afa84ad8cb9ef9516
7LHU5Uga349zOVMpDPf4ij,https://i.scdn.co/image/ab6761610000e5eb3efd994347efdc898a842a88
5Ypafuz95Xk09YDf4tgAvU,https://i.scdn.co/image/ab6761610000e5eb67eaffb24432f1aa989b511c
2544NCTfffschCn1NZVMSb,https://i.scdn.co/image/ab6761610000e5ebb208a0cf6455d71a7d278d2f
1F2erLLqRHbaFvEYHeVIHJ,https://i.scdn.co/image/ab6761610000e5eb794a45abaa6f17fd4684808c
79N4S7UXdjo2fAh3OHJQuB,https://i.scdn.co/image/ab6761610000e5eb2769861cbc7ec4e152ecb672
5JcO3FHEBbWTQMUHmWtU2g,https://i.scdn.co/image/ab6761610000e5ebdfff170c8f96424c07ff7172
4oNsvVnFz4HQ0UPpPFSuJX,https://i.scdn.co/image/ab6761610000e5eb4460dc0edaa88139a97c1694
2miffAnnUvKSyB9ykA2su9,https://i.scdn.co/image/ab6761610000e5ebf16ab03b6cd16365b6c5ee13
5R3NywPPOyhLfdvutgg0me,https://i.scdn.co/image/ab6761610000e5eb8f1b0552958857772686f221
6GYXfifD78PYARjZzxQzrG,https://i.scdn.co/image/ab6761610000e5ebbae228a0a15c9631e6e56cec
1Y99HOeRzRc27my6NJE3rE,https://i.scdn.co/image/ab6761610000e5eb6e04925a063ef5bc168e9344
1SykQGBiBwkQ1fcGpJ1BJt,https://i.scdn.co/image/ab6761610000e5eb82f18692b08d6c69f0215235
7xJZNfI5Yks87tn3ebHy9h,https://i.scdn.co/image/ab6761610000e5eb2b09833cc033fbe40d8a5eee
09947uhj2ZwU9mFXK5v50o,https://i.scdn.co/image/ab6761610000e5eb7dff83a1fc4f6f57e60f215a
5NvKO965JkIJanRuKQPVN6,https://i.scdn.co/image/ab6761610000e5ebaa0e92c5bc092f3b1970a898
4AgfaZvOiSS97uy5ekQ7bf,https://i.scdn.co/image/ab6761610000e5eb47d70a8f1b6fe25ad296fb56
1jB62pOe5WpGiHOBDtKBBG,https://i.scdn.co/image/ab6761610000e5eb6f7616f4f987272181d47329
1FxsUemFullSXJpySUsT0J,https://i.scdn.co/image/ab6761610000e5eb52bbac93c0a9b1f1399c16d3
1w76rpst0I6hGUgCR2B33C,https://i.scdn.co/image/ab6761610000e5ebd362c81642c1d0fa255c7b89
0IAWTLWnUIzKVQDTGoYJk2,https://i.scdn.co/image/ab6761610000e5eb738dee0380a9e253eb4f6ea0
4Rzu63KnqMsThOdfkrJk1Z,https://i.scdn.co/image/ab6761610000e5ebb2b5916928136b9c3408ed9c
2AbQwU2cuEGfD465wCXlg2,https://i.scdn.co/image/ab6761610000e5eb9881ff5ef753e0aa4e825565
2rwLjVHS15sfzciKXXNbgA,https://i.scdn.co/image/ab6761610000e5eb300a4eaf0111ea12cbf1ade1
4VsbQvC84B8Z3IsBY1HLQy,https://i.scdn.co/image/ab6761610000e5eb7846a5b60fa75074de768bb0
5Q1vijNjTVhQBoVrZVXms8,https://i.scdn.co/image/ab67616d0000b273c1819c539413082cc821cc80
1MXug5KOetEEQjjvCPWwIm,https://i.scdn.co/image/ab6761610000e5eba345d2602bae2faa3f88f7fb
4rO00pQq33bIv73QyJdivX,https://i.scdn.co/image/ab6761610000e5ebbf49d2c217c0851c90377ab1
3QchzUOTSCKWmaRGEEiuir,https://i.scdn.co/image/ab6761610000e5eb7a42af70ca99f4ef4b54223c
6gyhsZUy2fzzWZBRVPmOw4,https://i.scdn.co/image/ab6761610000e5eba294e038d7d691746aff7e68
1I7FVmvisCtSFzmm87mbLR,https://i.scdn.co/image/ab6761610000e5eb47873d612508daa55adfc587
1QZuAtDYNrk2QMogJulsyq,https://i.scdn.co/image/ab6761610000e5ebdba73bd27e482df38a60788b
0DjGDEVSQsodFbL1bMVPRs,https://i.scdn.co/image/ab6761610000e5eb8452f991ee028b2099f8bd7d
3J1MhhyXLJRNRZVrx11Lbf,https://i.scdn.co/image/ab6761610000e5eb2b8fccf6c358e008f2b40275
5ZMwoAjeDtLJ0XRwRTgaK8,https://i.scdn.co/image/ab6761610000e5eb9729e45229f59ed85658fc00
7kXCcNRLEnblbTAppPraBp,https://i.scdn.co/image/ab6761610000e5ebb50a521ce29a27691d7c7ee7
384MqcXCGGFh9UcjI5Tpc5,https://i.scdn.co/image/ab6761610000e5eb0812f19c31b8376058cac8e7
7DXregrznS25AM30UY9sUU,https://i.scdn.co/image/ab6761610000e5ebc3f34b98e62cc7e00d3d7cca
14lvrkdaXxggonwjKZpePM,https://i.scdn.co/image/ab6761610000e5eb3b00cbaf9b93647308f9f6e9
4gZwJrNP5NG3KGS2dRcS5c,https://i.scdn.co/image/ab6761610000e5eb5119cf37d4b00164b414cd9c
0FwnPHExlRRxEZPLAi5tmG,https://i.scdn.co/image/ab6761610000e5eb6c297793040162c826d33983
0VD8vX2wvCYYD0SMFCZeRR,https://i.scdn.co/image/ab6761610000e5eb38ec7babbf8421ce4152739c
105iYV1T7lf8Rysxo0KzfD,https://i.scdn.co/image/ab6761610000e5eb0c0d3a32887990fb67ff29c7
7gGKjAXKRyDUhSUhFDIaAW,https://i.scdn.co/image/ab6761610000e5eba1ef135674cc8f94fb4993c7
05i5DIXDf4Ai4NEPEi3uBZ,https://i.scdn.co/image/ab6761610000e5eb4e9139751bfbce1e37346c5e
6tvDaHOPNWfkc9Q8IghqSR,https://i.scdn.co/image/ab6761610000e5eb06af74b3458ef7e0ab1005a1
2D8UzkIVdg1bj0Iqz6gjk0,https://i.scdn.co/image/ab6761610000e5eb702729fff9226feefc400257
04mTej6RpWzBxGwhfThpIi,https://i.scdn.co/image/ab6761610000e5eb1650797d9806e248c4a4adf7
5FQJWdcKPAijmEi4uroZ4h,https://i.scdn.co/image/ab6761610000e5eb5231afdf967b4a90a9665538
7CSpCpNGTK9589bTi44SzE,https://i.scdn.co/image/ab6761610000e5ebad86a1d73844fd12e8cad1f6
4aSlfXDn9R60UlbZEboBUy,https://i.scdn.co/image/ab6761610000e5eb4d8c21b6356b53bc4e374ce9
5KBPxIED8ejHkvhs4KCzyS,https://i.scdn.co/image/ab6761610000e5ebd81cdc550ee3cdb67d263372
05aVtfDzBvg9eVu9MAZPGD,https://i.scdn.co/image/ab6761610000e5eb841b611437fb6b209d6983b7
7zY0DMisq1oYXvNNgGwHBY,https://i.scdn.co/image/ab6761610000e5ebbef5b9ac1a9d20214eade811
6bxjoq64Y0HTfMc4GIbpyJ,https://i.scdn.co/image/ab6761610000e5eb256416ec38d69db00f28182d
3TEhIeweC59okLmqFu6LWv,https://i.scdn.co/image/ab6761610000e5eb8df48f2abc66f2b051724eea
7uXKIO6VDeOCo6ImWZpZJn,https://i.scdn.co/image/ab6761610000e5eb3e94077b18f53bf8d09fb467
3iY9PS7LxPnCVcCP7BjJOK,https://i.scdn.co/image/ab6761610000e5ebe8e0cf31f5ea4863dfdd4f8f
3ou3XMRNmyDSy6gnC1bSgN,https://i.scdn.co/image/ab6761610000e5eb1cde425c173b7541b13154e0
3v2sYzsuZVd0gAhMWgl9I7,https://i.scdn.co/image/ab6761610000e5eb1e77d53fc9341215b6b19193
60ZOYUFnCYEeKYsxgvPxOS,https://i.scdn.co/image/ab6761610000e5eb8a5fc40573a62cd03ee8da4b
2TzPi0fPdqVesjZ3Y2wY43,https://i.scdn.co/image/ab6761610000e5eb66a74c1999ac9a8213faabff
7HFja6X48hWE58m3pQnGV0,https://i.scdn.co/image/ab6761610000e5eb47ea96b9d766098325335eb2
3FtVhV92rZyHa7ot2ioG5a,https://i.scdn.co/image/ab6761610000e5eba4a09a1eaddf00bfd735e250