,spotify_id,name_id,name,followers,betweeness_centrality,group,unique_collabs,total_collabs,image
0,4q3ewBCX7sLwd24euuV69X,Bad Bunny,Bad Bunny,52296565,12840.180248,0,106,310,https://i.scdn.co/image/ab6761610000e5eb8ee9a6f54dcbd4bc95126b14
1,5n9bMYfz9qss2VOW89EVs2,Bomba Estéreo,Bomba Estéreo,969417,1666.150781,5,5,7,https://i.scdn.co/image/ab6761610000e5ebcc4d7c642f167846d8aa743b
2,1mcTU81TzQhprhouKaTkpq,Rauw Alejandro,Rauw Alejandro,12796260,9155.825487,0,117,308,https://i.scdn.co/image/ab6761610000e5eb75a6949c1571055dd609f890
3,0EFisYRi20PTADoJrifHrz,Jhay Cortez,Jhay Cortez,4349987,2552.074793,0,68,307,https://i.scdn.co/image/ab6761610000e5ebbbeb7f1f3a9b011b73156dc0
4,3LKXWvXFWrkwUzJWxzwVpW,Tony Dize,Tony Dize,2972734,472.347037,1,32,148,https://i.scdn.co/image/0fb75163d5836f4479ddc91775694ba79979db4e
5,0GM7qgcRCORpGnfcN2tCiB,Tainy,Tainy,966906,2799.712009,0,32,382,https://i.scdn.co/image/ab6761610000e5eb72453ad016b059b06fd52569
6,4VMYDCV2IEDYJArk749S6m,Daddy Yankee,Daddy Yankee,28662176,6746.504992,1,108,527,https://i.scdn.co/image/ab6761610000e5eb2204cb5a314573e202f20f8d
7,4IMAo2UQchVFyPH24PAjUs,Jowell & Randy,Jowell & Randy,3586976,4246.950374,0,98,369,https://i.scdn.co/image/ab6761610000e5eb1919bd779536bbcb3a186150
8,12vb80Km0Ew53ABfJOepVz,Ñengo Flow,Ñengo Flow,3529653,7538.644257,0,140,306,https://i.scdn.co/image/ab6761610000e5eb88b99535ed74688cf963d8c8
9,7ltDVBr6mKbRvohxheJ9h1,ROSALÍA,ROSALÍA,5555833,57.186422,0,8,9,https://i.scdn.co/image/ab6761610000e5ebd7bb678bef6d2f26110cae49
10,0Q8NcsJwoCbZOHHW63su5S,Mora,Mora,583572,10906.322202,3,37,170,https://i.scdn.co/image/ab6761610000e5eb123f579fb45368b2aaa78192
11,2oQX8QiMXOyuqbcZEFsZfm,El Alfa,El Alfa,2315224,4393.11334,0,76,167,https://i.scdn.co/image/ab6761610000e5eba97f2c907b36d3c1d8e58397
12,1i8SpTcr7yvPOmcqrbnVXY,Ozuna,Ozuna,32829025,5595.080279,0,112,535,https://i.scdn.co/image/ab6761610000e5ebb34caaa3f41eaf9ff5fe849d
13,329e4yvIujISKGKz1BZZbO,Farruko,Farruko,13580462,19891.595093,0,201,457,https://i.scdn.co/image/ab6761610000e5eb53029f0f3a0a4b216b9f5df7
14,4SsVbpTthjScTS7U2hmr1X,Arcangel,Arcangel,8527320,8480.22361,0,168,623,https://i.scdn.co/image/ab6761610000e5eb094836334a3e352ba839fefc
15,64aJYyrXljOodnUG6jvhRD,DJ Luian,DJ Luian,1544716,202.139587,1,44,100,https://i.scdn.co/image/ab6761610000e5eb12720a4a06a7a2e78c5f42dc
16,0Y30TbA4p8SAfCzy2AFBa8,Yaviah,Yaviah,128572,2.359921,1,5,5,https://i.scdn.co/image/ab6761610000e5ebd6e7b9afa42ae264c84f22d4
17,77ziqFxp5gaInVrF2lj4ht,Sech,Sech,10971770,934.331511,0,59,148,https://i.scdn.co/image/ab6761610000e5eb2f364933daca7516c6193ffe
18,2R21vXR83lH98kGeO99Y66,Anuel AA,Anuel AA,22878068,4402.814897,0,99,425,https://i.scdn.co/image/ab6761610000e5ebc5c589b667f600c299552ee5
19,3MHaV05u0io8fQbZ2XPtlC,Prince Royce,Prince Royce,7097558,2922.717694,1,40,59,https://i.scdn.co/image/ab6761610000e5eb207150975a7266c3560ca6f9
20,1vyhD5VmyZ7KMfW5gqLgo5,J Balvin,J Balvin,34651986,4427.077189,0,84,581,https://i.scdn.co/image/ab6761610000e5eb5d0fc400392250a750a9403e
21,6w9ToX5slZ4uIdmD17hJ3c,Bryant Myers,Bryant Myers,7149772,1666.308403,0,88,185,https://i.scdn.co/image/ab6761610000e5eb5332f98f95b18ad1ffa4e0fc
22,6P6GTRTigHBp8ZesNtpCKH,Almighty,Almighty,415134,19065.79128,0,72,115,https://i.scdn.co/image/ab6761610000e5ebefd18d2fec23083d22c8ed09
23,3RtNN1VnooWEn3KQk03DUL,Noriel,Noriel,6061607,2956.033404,0,82,241,https://i.scdn.co/image/ab6761610000e5ebf67825837cb85a913d244d93
24,0GgyFUpOyzWDRDqx8FCTDN,Baby Rasta,Baby Rasta,1673148,3681.301361,0,52,242,https://i.scdn.co/image/ab6761610000e5eb0f73cca6e26220f7cc61d930
25,00XhexlJEXQstHimpZN910,Brytiago,Brytiago,5239032,3300.643361,0,90,332,https://i.scdn.co/image/ab6761610000e5eb32895c930900c81851cca0c3
26,1SupJlEpv7RS2tPNRaHViT,Nicky Jam,Nicky Jam,17337859,6564.647951,1,135,310,https://i.scdn.co/image/ab6761610000e5eb143d99f40e7bb2cc471568c8
27,33ScadVnbm2X8kkUqOkC6Z,Don Omar,Don Omar,7596396,2667.687861,1,72,334,https://i.scdn.co/image/ab6761610000e5eb86d04a127819956aef61e351
28,1bAftSH8umNcGZ0uyV7LMg,Duki,Duki,6416620,26868.330746,2,93,201,https://i.scdn.co/image/ab6761610000e5eb9b2ccf4bc212d36ae64ee41a
29,2XcZshqzPKm3iZcmt73R8D,Pablo Chill-E,Pablo Chill-E,821976,7274.087357,2,51,100,https://i.scdn.co/image/ab6761610000e5ebb401229a5cefc692a9d2741d
30,1WMwuNKzEFtU6pPkdtryYS,Kendo Kaponi,Kendo Kaponi,929849,203.141166,0,41,71,https://i.scdn.co/image/ab6761610000e5eba6db079799d908caddf93b30
31,2OHKEe204spO7G7NcbeO2o,Ñejo,Ñejo,3200016,5169.51805,0,91,262,https://i.scdn.co/image/ab6761610000e5eba8e1d7cdd4f2225a8222080e
32,0AdjzZxHJ4MfbImx2rD0Df,Pj Sin Suela,Pj Sin Suela,56487,1271.082266,0,18,19,https://i.scdn.co/image/ab6761610000e5eb12ad0670161e7c325becf32f
33,2ydZrTy8U3kOMOzx20s3dg,DJ Nelson,DJ Nelson,984219,1626.795648,0,52,172,https://i.scdn.co/image/ab6761610000e5ebda2b089ce40b8a1610acf988
34,4axKuDPr6WKcDCyh8vueTY,Luar La L,Luar La L,174750,1524.816589,0,52,66,https://i.scdn.co/image/ab6761610000e5eb7d6d3f7322438ce894c0ca7e
35,00me4Ke1LsvMxt5kydlMyU,Cosculluela,Cosculluela,4756422,1723.606896,0,90,146,https://i.scdn.co/image/ab6761610000e5ebf9f2283d080e3581a63daf79
36,7iK8PXO48WeuP03g8YR51W,Myke Towers,Myke Towers,9140387,3496.518485,0,121,257,https://i.scdn.co/image/ab6761610000e5eb9b7677e5bdee54a0ae0c8262
37,21451j1KhjAiaYKflxBjr1,Zion & Lennox,Zion & Lennox,6535701,3773.444608,0,115,313,https://i.scdn.co/image/ab6761610000e5ebe6cd34548bf23eb55ca44615
38,6p2442ymrT9lZEuCZJdYcH,Ivy Queen,Ivy Queen,1833686,1327.842731,1,32,36,https://i.scdn.co/image/ab6761610000e5eba930c6844963452e8f1402aa
39,3EiLUeyEcA6fbRPSHkG5kb,De La Ghetto,De La Ghetto,6066404,6945.266233,0,141,368,https://i.scdn.co/image/ab6761610000e5eb24a84b4f14311bc1cb3d7c6c
40,2wYOpkTJZGByNEOjEnSmoW,Revol,Revol,717226,107.854152,0,28,32,https://i.scdn.co/image/ab6761610000e5eb1f3bde2589342bcfbd35eb52
41,1pgDilWYDWLoOgGjf1iHNu,Zion,Zion,3073963,1697.578966,0,80,242,https://i.scdn.co/image/01b740506d62b329302d55078eb8dc49d32a4f8b
42,2TjgzYcbTdsZjbT9OItIeB,"Héctor ""El Father""","Héctor ""El Father""",500340,558.36271,1,41,88,https://i.scdn.co/image/fb6f6b52082b66ee883bccf31fec0640e901ef25
43,1RBzGO6Nm3uyhUSxP7EDWO,Kevin Roldan,Kevin Roldan,4874621,4936.108226,0,54,168,https://i.scdn.co/image/ab6761610000e5ebee017c13085fa55d3f1af348
44,3tZdknQnzsVIIdaGCTj4RX,Quimico Ultra Mega,Quimico Ultra Mega,232626,4138.742977,0,50,84,https://i.scdn.co/image/ab6761610000e5eb85d4ffd02837c1a0467e7f0a
45,0zZJhc1T0zBurhnBwQ2fcu,Mark B.,Mark B.,221737,422.705134,0,14,14,https://i.scdn.co/image/ab6761610000e5ebdddb554c36da82ebf5f01a8d
46,790FomKkXshlbRYZFtlgla,KAROL G,KAROL G,26727903,2071.897526,1,38,210,https://i.scdn.co/image/ab6761610000e5ebfe5bb3951a54fca253e281a1
47,1wZtkThiXbVNtj6hee6dz9,Wisin & Yandel,Wisin & Yandel,5476493,4929.762205,1,78,621,https://i.scdn.co/image/ab6761610000e5eb812644afc20cab37c72a8ba9
48,1DxLCyH42yaHKGK3cl5bvG,Maria Becerra,Maria Becerra,2834624,3705.977846,3,32,205,https://i.scdn.co/image/ab6761610000e5eb459b9d1006bd715a7e2d5663
49,0qTZZWLzuD59Un5r1speHm,Chris Jedi,Chris Jedi,1915083,250.234836,0,13,515,https://i.scdn.co/image/ab6761610000e5eba4113459d4c8d6334f46bfbc
50,1r4hJ1h58CWwUQe3MxPuau,Maluma,Maluma,31679634,8573.993246,5,98,324,https://i.scdn.co/image/ab6761610000e5eb96a9faf8f7ec1da103c63985
51,2p4aN0Uxkk3iT3HK0cJ2cJ,Tokischa,Tokischa,164515,755.865086,0,16,18,https://i.scdn.co/image/ab6761610000e5eb2b10a1f3edfdecf74d95a87d
52,3E6xrwgnVfYCrCs0ePERDz,Wisin,Wisin,7959899,23198.162336,1,127,454,https://i.scdn.co/image/ab6761610000e5eb7e04b739e0e88aa0da8d6905
53,0eHQ9o50hj6ZDNBt6Ys1sD,Yandel,Yandel,6046630,10188.497807,1,117,463,https://i.scdn.co/image/ab6761610000e5ebdd4a7546a655a097dc1b9d04
54,2cPqdH7XMvwaBJEVjheH8g,Jay Wheeler,Jay Wheeler,2689321,1513.912087,0,60,175,https://i.scdn.co/image/ab6761610000e5eb1e85cfd7346402dd9c3c4421
55,2LRoIwlKmHjgvigdNGBHNo,Feid,Feid,1695286,2914.925204,0,44,150,https://i.scdn.co/image/ab6761610000e5ebe9cf860130c25355b84687a5
56,1mX1TWKpNxDSAH16LgDfiR,Jesse & Joy,Jesse & Joy,6461919,419.089818,5,12,25,https://i.scdn.co/image/ab6761610000e5ebaa2e120075652341890059e9
57,1ackd5XprZEkH3McKbQD51,Juan Magán,Juan Magán,1687332,6150.060871,3,47,182,https://i.scdn.co/image/ab6761610000e5eb874c860c7fea4f5c97d4e6d9
58,2NfSBtmWe7oPw1EmetJVso,Boza,Boza,443910,77.102652,3,13,39,https://i.scdn.co/image/ab6761610000e5eb94cf52a04855b3f75496fdf5
59,5lwmRuXgjX8xIwlnauTZIP,Romeo Santos,Romeo Santos,15925967,8232.778668,1,35,62,https://i.scdn.co/image/ab6761610000e5eb0d2f605c23090747230416db
60,0tmwSHipWxN12fsoLcFU3B,Manuel Turizo,Manuel Turizo,9935945,550.162457,3,56,135,https://i.scdn.co/image/ab6761610000e5ebd9a4d3f0b2d741634d55ca6d
61,06TVTkMAOR935MhkjX0i2A,Anthony Santos,Anthony Santos,727810,76.765445,1,17,25,https://i.scdn.co/image/ab6761610000e5eb8a252d707a414e0a8a07967c
62,28gNT5KBp7IjEOQoevXf9N,Camilo,Camilo,15876653,8119.288257,5,31,227,https://i.scdn.co/image/ab6761610000e5ebe769600984af93b876cac668
63,4SzD0wClEg9NKVJZbCRFqS,Ele A El Dominio,Ele A El Dominio,1254042,432.888796,0,40,93,https://i.scdn.co/image/ab6761610000e5ebc3e46299a91d813c0c77eb7e
64,3Wb38LDP3N4tkobValgE9D,Juanka,Juanka,596725,2267.57299,0,72,174,https://i.scdn.co/image/ab6761610000e5eb90dc8ae47e297efacd9eccb1
65,2jSGzJw0ebJLu7OLVSOcBP,Plan B,Plan B,1925599,354.106297,0,48,76,https://i.scdn.co/image/eb21793908d1eabe0fba02659bdff4e4a4b3724a
66,47MpMsUfWtgyIIBEFOr4FE,Lunay,Lunay,6990918,1456.213131,0,44,98,https://i.scdn.co/image/ab6761610000e5eb1db8a4795dc8b97abc1f6f11
67,1Ts9of7VPZElwPQnqnDSfW,Lyanno,Lyanno,710772,2837.505823,0,75,241,https://i.scdn.co/image/ab6761610000e5eb337f3bbfd4734f90d6ba93c1
68,1GDbiv3spRmZ1XdM1jQbT7,Natti Natasha,Natti Natasha,8103229,5080.698573,1,51,99,https://i.scdn.co/image/ab6761610000e5eb34149919c8ccd138a6c02cf8
69,4o0NtnL2m0lzZmEdRas1qv,Ovi,Ovi,733167,2149.510127,0,33,57,https://i.scdn.co/image/ab6761610000e5eb71b8235eccf131534941eec5
70,2qbEtwBVyobgpNP5KcHE9J,Pusho,Pusho,594124,554.749125,0,70,111,https://i.scdn.co/image/ab6761610000e5ebff626efb1be750d8ea78a459
71,4Tw0VaV1ENei24iQnktjXj,Alexio,Alexio,51746,94.741472,0,38,60,https://i.scdn.co/image/ab6761610000e5eba0dc56019927cd7c7feeeeb3
72,1TtXnWcUs0FCkaZDPGYHdf,Darell,Darell,3045302,3795.203271,0,110,312,https://i.scdn.co/image/ab6761610000e5eb58e637c9f4c9a120ea6d29f7
73,77GVmrLGuxNEvj2ibvT62v,Luigi 21 Plus,Luigi 21 Plus,999191,601.766038,0,61,92,https://i.scdn.co/image/ab6761610000e5eb30b631283ebcdd3964c9a24a
74,3IEvQoAohcGX7CdrbtIle7,Baby Rasta & Gringo,Baby Rasta & Gringo,2674589,259.51602,0,47,225,https://i.scdn.co/image/ab6761610000e5eb3a36f5472c400dc038ac62a8
75,3jFjgKOGfVLWfXX8q5wrsg,R.K.M & Ken-Y,R.K.M & Ken-Y,495575,707.301488,1,34,136,https://i.scdn.co/image/ab6761610000e5eb9306dfb38345dbb1bc01e3f6
76,4riOEaOW5hCeqomFDBk0aP,Rochy RD,Rochy RD,636103,463.322966,0,20,43,https://i.scdn.co/image/ab6761610000e5eba813356bcf63fd41e073eaa3
77,0KPX4Ucy9dk82uj4GpKesn,Dalex,Dalex,4214151,1682.568963,0,67,227,https://i.scdn.co/image/ab6761610000e5ebd1d344eba13e66f0cef274b6
78,7a9gFzWS5uEHtbNNgA6xyM,D.OZi,D.OZi,191168,545.153331,0,50,87,https://i.scdn.co/image/ab6761610000e5eb6676229f5a220d4094d88ac7
79,5gUZ67Vzi1FV2SnrWl1GlE,Benny Benni,Benny Benni,280449,458.998618,0,57,135,https://i.scdn.co/image/ab6761610000e5eb177389e5f8dfeae0037fe20e
80,6ieK9Ddas29reReO60on3o,"Gotay ""El Autentiko""","Gotay ""El Autentiko""",545974,711.431747,0,50,141,https://i.scdn.co/image/ab6761610000e5eb47d1cd54c136b35f72e731c6
81,7a0XAaPaK2aDSqa8p3QnC7,Beéle,Beéle,391273,313.497279,3,20,25,https://i.scdn.co/image/ab6761610000e5eb386892627f08fd6ab679bee4
82,1pQWsZQehhS4wavwh7Fnxd,Lenny Tavárez,Lenny Tavárez,1878805,2732.857702,0,81,282,https://i.scdn.co/image/ab6761610000e5eb3da6d515e399ae789ef563f3
83,14zUHaJZo1mnYtn6IBRaRP,Justin Quiles,Justin Quiles,3628451,5031.349109,0,96,371,https://i.scdn.co/image/ab6761610000e5ebfb8b86f3418adb29b60fd3f5
84,2pQAUIesBqfT87PaM1ijtk,Trap Capos,Trap Capos,348975,214.606933,0,29,80,https://i.scdn.co/image/ab6761610000e5eb87dcdc83d51c31a100dd0acb
85,2LmcxBak1alK1bf7d1beTr,Juhn,Juhn,1023366,1812.275274,0,66,115,https://i.scdn.co/image/ab6761610000e5eb78bb4688c974972d8e08f6bd
86,4wLXwxDeWQ8mtUIRPxGiD6,Marc Anthony,Marc Anthony,7591521,854.503514,5,23,41,https://i.scdn.co/image/ab6761610000e5ebea64d3b81527134c0d65f341
87,7slfeZO9LsJbWgpkIoXBUJ,Ricky Martin,Ricky Martin,6689123,13133.455684,5,51,64,https://i.scdn.co/image/ab6761610000e5eba50f664a6b720e94196ba102
88,4obzFoKoKRHIphyHzJ35G3,Becky G,Becky G,11880030,2042.126903,1,48,86,https://i.scdn.co/image/ab6761610000e5eb978f96761eb3fa26b91f1fb8
89,7qYeIN2r4H1kBvr0Gm9Iav,Randy,Randy,272813,964.23532,0,68,152,https://i.scdn.co/image/ab6761610000e5eb1adfe18230a40885a5e71003
90,5lFhCi03HDneWzvCxGctrT,Jory Boy,Jory Boy,1544144,1192.016963,0,71,125,https://i.scdn.co/image/ab6761610000e5eb59f03ae6ab47594b586679c0
91,1TA5sGRlKUJXBN4ZyJuDIX,Blessd,Blessd,933788,1692.901944,0,24,23,https://i.scdn.co/image/ab6761610000e5ebadc3d9875bcdfdc111ea960c
92,3jGlU8UMMo44I2xeLQ6FD3,Dalmata,Dalmata,1361483,314.693911,0,27,146,https://i.scdn.co/image/ab6761610000e5eb7d5a16813b37825722f6d163
93,6BeO1KuAWBqFriL1mLHtNc,Leslie Grace,Leslie Grace,1193017,496.860111,3,19,25,https://i.scdn.co/image/ab6761610000e5ebbde67f9fdaf3531de31caad2
94,4myAXQmMuS1lZe8T6Y7eBg,Yomo,Yomo,836374,1018.174111,0,66,99,https://i.scdn.co/image/ab6761610000e5ebd5f4d6302cf39f199c4745a8
95,7tU1VKOuxiNZwBZC6RHidA,Alexis y Fido,Alexis y Fido,4483556,3667.029426,1,63,137,https://i.scdn.co/image/ab6761610000e5eb85a7dcb7677105c17a6c67e3
96,7cYik4OyfBXYV5Z2TI7p90,Farina,Farina,319611,4458.475074,0,34,44,https://i.scdn.co/image/ab6761610000e5ebed3fed6430af8f66263f69a3
97,6XFITTl7cFTdopDY3lUdlY,J Alvarez,J Alvarez,4713924,4701.198022,0,86,171,https://i.scdn.co/image/ab6761610000e5ebdcc7e2281c5b14a0aecfcb07
98,0TnOYISbd1XYRBk9myaseg,Pitbull,Pitbull,9456009,10741.594418,1,64,116,https://i.scdn.co/image/ab6761610000e5eb2dc40ac263ef07c16a95af4e
99,3SUT1jjM5hzZj9TLfLZGIP,Tego Calderon,Tego Calderon,3405813,7431.391352,1,52,88,https://i.scdn.co/image/ab6761610000e5eb26cc52c33f40a2a3e1cb47f4
100,3P4VNQLuN1qQQnL8rMaIkL,Noriega,Noriega,22384,55.02768,1,18,39,https://i.scdn.co/image/e54be6a261b993cc671227bd4ba9f9fc4e8ddde3
101,0j8QSBQZ9MNSGjHr1Vll1R,Natalia Jiménez,Natalia Jiménez,694739,3434.518731,5,19,25,https://i.scdn.co/image/ab6761610000e5eb52076f3a1dfff9048a197084
102,1ljNTY4uIBecRJmy69UNWt,Don Chezina,Don Chezina,327295,1332.912464,1,21,33,https://i.scdn.co/image/ab6761610000e5ebf59372550193ff28bcd5bfd1
103,2biH2I1TvZlIIIc5W14oIJ,"Franco ""El Gorilla""","Franco ""El Gorilla""",275336,772.787502,1,60,158,https://i.scdn.co/image/ab6761610000e5eb604bb37c53f3b4a250527ac2
104,0KKUc4amZyvswV2YL6WTar,Mariah Angeliq,Mariah Angeliq,332599,1087.002878,3,29,244,https://i.scdn.co/image/ab6761610000e5ebb04ebc27a3f90d30701592b1
105,0eecdvMrqBftK0M1VKhaF4,CNCO,CNCO,9014294,279.57584,1,18,25,https://i.scdn.co/image/ab6761610000e5ebae9279fc395fec19f47872d3
106,5mgqYTU6dhKlEdi7DOy4uU,Alberto Stylee,Alberto Stylee,295996,1408.062861,1,28,60,https://i.scdn.co/image/ab6761610000e5eba504b22dcb060d9ddf9e9944
107,7hIqJfRYGBWWT1Qxu6Cpd2,Andy Rivera,Andy Rivera,2511940,404.519906,0,26,47,https://i.scdn.co/image/ab6761610000e5eb08d1474f4d74377ca107cda7
108,1GKIlPFdcewHtpDVCQ8zmJ,Brray,Brray,171908,7197.678893,0,105,307,https://i.scdn.co/image/ab6761610000e5ebe007f52ca247a269bb9a8870
109,0EmeFodog0BfCgMzAIvKQp,Shakira,Shakira,24259512,2193.18436,5,25,47,https://i.scdn.co/image/ab6761610000e5eb8136bed5d8a80791bbe9ae23
110,5sUrlPAHlS9NEirDB8SEbF,Alejandro Sanz,Alejandro Sanz,6395705,7696.719915,5,47,86,https://i.scdn.co/image/ab6761610000e5eb45b242f20217176f7e83857b
111,52aHqEQZ802daFzuMHfcES,El Cata,El Cata,8870,277.625378,1,16,21,https://i.scdn.co/image/ab6761610000e5ebd368fe03846940d105f206b3
112,1QOmebWGB6FdFtW7Bo3F0W,Gustavo Cerati,Gustavo Cerati,3169471,780.048162,5,11,12,https://i.scdn.co/image/ab6761610000e5eb6d38c7aebc81afb076354b3b
113,5jvQoouPSDvUEwynz5KPpv,Carlinhos Brown,Carlinhos Brown,133143,75.697741,5,6,7,https://i.scdn.co/image/ab6761610000e5ebd194c53a2f65bbcbd3a2ffe7
114,0yNSzH5nZmHzeE2xn6Xshb,Calle 13,Calle 13,2717215,480.487916,1,12,17,https://i.scdn.co/image/edabfb79fbf3d71ad9d0961a7b199a1470fe5372
115,4vhNDa5ycK0ST968ek7kRr,Carlos Vives,Carlos Vives,5384986,10997.677052,5,54,90,https://i.scdn.co/image/ab6761610000e5eb66c1b8fad87dc59892458036
116,77iZVjeYoYSl5P0K9mIiUE,Haze,Haze,6484,45.553032,0,8,9,https://i.scdn.co/image/ab6761610000e5eb465b3ddb4cea09a2762e80ce
117,5XJDexmWFLWOkjOEjOVX3e,Eladio Carrion,Eladio Carrion,1689041,13702.568149,0,95,236,https://i.scdn.co/image/ab6761610000e5eb195cf1ae5db3ba7c22eb3412
118,17vZy9fIIt6woqdWfc7UCy,Sinfonico,Sinfonico,111828,57.953026,0,24,54,https://i.scdn.co/image/ab6761610000e5eb5194cb5aa83698d3b6c543d2
119,1fux65HMCBvfJHqlBc4Nno,Casper Magico,Casper Magico,1888877,1277.467265,0,64,143,https://i.scdn.co/image/ab6761610000e5eb5d5db7eb7422fd98f6f026ec
120,7nuTWfojdN0o8d7NGDo71U,Lil Geniuz,Lil Geniuz,13336,1.604606,0,6,9,https://i.scdn.co/image/ab6761610000e5eb0fe7cd25c79a6e4023328db6
121,7qG3b048QCHVRO5Pv1T5lw,Enrique Iglesias,Enrique Iglesias,10846416,2969.260662,1,30,109,https://i.scdn.co/image/ab6761610000e5ebe784d82734a77def7f967703
122,37UACiDcdzEYii0iU0QpAf,"Secreto ""El Famoso Biberon""","Secreto ""El Famoso Biberon""",378311,401.823498,0,27,42,https://i.scdn.co/image/ab6761610000e5ebb2aceb3af7d0befd232e27d2
123,68w2t0wbrGnxSIUHzWs5bt,Lito Kirino,Lito Kirino,199098,1214.056385,0,33,37,https://i.scdn.co/image/ab6761610000e5eb743547415ff3aa28ae318d01
124,0tR60pwxQ5WKjPxQcKoCQ7,Messiah,Messiah,91694,1027.486102,0,28,32,https://i.scdn.co/image/ab6761610000e5eb7ac5f74229df6a63b9392c89
125,4z19QMyPVRwbd4Fs2LisBa,Darkiel,Darkiel,1038401,583.383878,0,61,105,https://i.scdn.co/image/ab6761610000e5ebbf92faabcb1fcfdda014fc78
126,5hdhHgpxyniooUiQVaPxQ0,Nio Garcia,Nio Garcia,3423473,3621.916984,0,88,216,https://i.scdn.co/image/ab6761610000e5ebf6c0e106b139be41baae72fd
127,07YUOmWljBTXwIseAUd9TW,Sebastian Yatra,Sebastian Yatra,19541830,9046.103361,3,55,325,https://i.scdn.co/image/ab6761610000e5eb28cc5ee1d7ba49cdc7dde27b
128,0BqURncJM5B1BBu7UM51eq,Guaynaa,Guaynaa,725324,5461.760254,3,45,303,https://i.scdn.co/image/ab6761610000e5eb710db427ce36c07d6902f1e9
129,2wkoKEfS6dXwThbyTnZWFU,Mau y Ricky,Mau y Ricky,5233974,4255.68861,3,47,97,https://i.scdn.co/image/ab6761610000e5eb58efe6fc6305da076d48ec7f
130,5J7rXWjtn5HzUkJ4Jet8Fr,Alvaro Diaz,Alvaro Diaz,195478,3396.517754,0,38,112,https://i.scdn.co/image/ab6761610000e5eb364f118b7f989c6581411474
131,0vR2qb8m9WHeZ5ByCbimq2,Reik,Reik,7413568,4321.225913,3,40,126,https://i.scdn.co/image/ab6761610000e5eb7ef75910e15bba278b939a70
132,1GAymyGBvB4gQy5Z5LZ1Wj,Lalo Ebratt,Lalo Ebratt,1737866,2173.003133,3,34,310,https://i.scdn.co/image/ab6761610000e5eba8efc873570b7e84b101cd46
133,7A02nc5WKMBLqSKXxGZ4o8,Llane,Llane,57377,2633.546438,3,17,36,https://i.scdn.co/image/ab6761610000e5eba49a0f5fcfdda1b8bf431849
134,0ZHPrnImGh4re3TbSNkoZl,Beret,Beret,2623712,2691.282618,3,15,26,https://i.scdn.co/image/ab6761610000e5ebbe52891d50a358943a830701
135,5DUlefCLzVRzNWaNURTFpK,Cali Y El Dandee,Cali Y El Dandee,3627559,3555.629472,3,37,173,https://i.scdn.co/image/ab6761610000e5eba77fda338041d3024a2316e9
136,1jSjfSgDjedJdi5MoyRu78,Lary Over,Lary Over,4424500,1102.073204,0,44,82,https://i.scdn.co/image/ab6761610000e5eb77daacf2c076796e402e23c9
137,2ayNSoKPCRAfjp6hQ76hRu,Nacho,Nacho,4587649,8329.641633,1,61,292,https://i.scdn.co/image/ab6761610000e5eb41680f4ed2cd47c84e8b9001
138,5M9Bb4adKAgrOFOhc05Y50,Pablo Alborán,Pablo Alborán,4485464,4397.231861,5,33,94,https://i.scdn.co/image/ab6761610000e5eb603fdedea1dab4c77d7d8bcc
139,7rNbdH4pgrnwguvzxhA2Ek,Jorge Celedón,Jorge Celedón,1448564,5818.336526,3,27,30,https://i.scdn.co/image/ab6761610000e5ebcfebd17475e8a86c6148b063
140,05xSLrRgGwm2nCH2SmnNMW,Rosario,Rosario,664441,1036.955505,5,15,44,https://i.scdn.co/image/ab6761610000e5eba9298a06d6f6e4f4a54c0af2
141,7eLcDZDYHXZCebtQmVFL25,Aitana,Aitana,2125129,9692.795015,3,45,110,https://i.scdn.co/image/ab6761610000e5ebe20d1e9d7eb5b59dd2586997
142,3vQ0GE3mI0dAaxIMYe5g7z,Paulo Londra,Paulo Londra,17636967,21.806791,2,7,14,https://i.scdn.co/image/ab6761610000e5ebf796a976c5597baf6f7b786c
143,4DYFVNKZ1uixa6SQTvzQwJ,Ken-Y,Ken-Y,316113,588.240191,1,31,207,https://i.scdn.co/image/ab6761610000e5ebdcc1069f2a7abbec7a2cb9c1
144,3YXpTiyVmYCfANOlnWv6vr,Trebol Clan,Trebol Clan,1402911,183.437254,0,35,82,https://i.scdn.co/image/ab6761610000e5eb3fd0dfa279be80ed876d401a
145,6Mjbr8K3MiiRMqmFIB4zWq,Luis Vargas,Luis Vargas,254673,880.380788,5,13,22,https://i.scdn.co/image/ab6761610000e5eb7aa8d4bdc22dc5372b90a429
146,4RnIr0AAau1SBJMbjJ9poC,El Chaval de la Bachata,El Chaval de la Bachata,280165,56.848744,5,4,6,https://i.scdn.co/image/ab6761610000e5ebc6c232b760c490ab66cb20c5
147,1YYp1qwJ7EAitFINQ7gOKV,Kiko Rodriguez,Kiko Rodriguez,94912,146.506921,5,4,5,https://i.scdn.co/image/ab6761610000e5eb366ce71d9440933447234f2c
148,3nlpTZci9O5W8RsNoNH559,Juan Luis Guerra 4.40,Juan Luis Guerra 4.40,3124043,852.025462,5,28,32,https://i.scdn.co/image/ab6761610000e5ebaa60935c3c4dc4a0fd48759e
149,4vQV1LCGBdYAt5rIIPjSFZ,Frank Reyes,Frank Reyes,544313,123.190907,1,5,8,https://i.scdn.co/image/ab6761610000e5ebbbe87779d198b31d6d54b80c
150,1qto4hHid1P71emI6Fd8xi,Aventura,Aventura,6178963,37.698938,1,7,14,https://i.scdn.co/image/ab6761610000e5eb4cd0464ef7d8eb8521f72dd8
151,3rs3EOlJ8jyPpdGiQ9Mhub,Monchy & Alexandra,Monchy & Alexandra,771901,508.268754,0,5,6,https://i.scdn.co/image/c88ecd17387b1733226d728ef621bb91bf85f062
152,66U02qGDesTqZImnLSiYeE,Elvis Martinez,Elvis Martinez,232108,4.66067,1,2,3,https://i.scdn.co/image/ab6761610000e5eb0a7a7dadfe1bc9e0971649a8
153,4etuCZVdP8yiNPn4xf0ie5,Julio Iglesias,Julio Iglesias,2192504,1089.792261,1,11,13,https://i.scdn.co/image/ab6761610000e5ebeb26b397cfc1d5b785296cdd
154,3Ces1OJeGOVGcUB0wPaPXJ,Mala Rodríguez,Mala Rodríguez,473340,4004.770712,3,18,70,https://i.scdn.co/image/ab6761610000e5eb5296ee9862de29ee24a1276f
155,2UZIAOlrnyZmyzt1nuXr9y,Nicki Nicole,Nicki Nicole,3064024,7171.753099,2,25,37,https://i.scdn.co/image/ab6761610000e5ebc4339841ed995cedbc0cff4e
156,4QVBYiagIaa6ZGSPMbybpy,Pedro Capó,Pedro Capó,1507684,3015.297264,5,29,56,https://i.scdn.co/image/ab6761610000e5eb457c9ba97d2dd1342f12eb7f
157,2Cy7KBSkqu7otJfuMTWT7Y,Camilo Sesto,Camilo Sesto,3051494,142.274022,5,5,106,https://i.scdn.co/image/6727cf7e3163bd702add0ba3a7b4083ae956fe98
158,6hQHiviB4JUWVmfykjYzcB,Camilo Séptimo,Camilo Séptimo,442576,0.0,5,4,51,https://i.scdn.co/image/ab6761610000e5eb22ebf928bc809d4c7bb0b234
159,7plUpXSFcSJUZSiZAoXqr1,Ximena Sariñana,Ximena Sariñana,1256200,2251.99709,5,20,30,https://i.scdn.co/image/ab6761610000e5eb3769a26bbfcf734c80590652
160,39yVoqm6sYFvvqF1RciUVf,Carlos Rivera,Carlos Rivera,3621638,15634.925102,5,54,92,https://i.scdn.co/image/ab6761610000e5ebd471aab52533508e4bcf9ba4
161,7eBQrhxTHcor6gcbcLhqE5,Porter,Porter,305615,665.684867,5,4,5,https://i.scdn.co/image/ab6761610000e5eb09defb9786eec41d900c5211
162,1fctva4kpRbg2k3v7kwRuS,Rvssian,Rvssian,1902344,4.215415,0,14,31,https://i.scdn.co/image/ab6761610000e5eb6666f883c02cc5fc182a10c6
163,76whng5pl9msPkkjFUtWYn,Tempo,Tempo,855273,1129.472923,0,31,43,https://i.scdn.co/image/ab6761610000e5eb401a07e7ab25be8918561564
164,1K0lOPFlbPF3Volp5qIYNw,Jadiel,Jadiel,1076420,52.903157,0,11,15,https://i.scdn.co/image/3d0597d79bdf4b7c7f3cade64125b2136bb5d51f
165,7K78lVZ8XzkjfRSI7570FF,José Feliciano,José Feliciano,294769,1808.36541,5,13,19,https://i.scdn.co/image/ab6761610000e5eb5f8c900bf430e6bfae9ec7c2
166,03Enzet8KLMkjdeQnbqbmn,Pacho El Antifeka,Pacho El Antifeka,166632,2753.066982,0,62,89,https://i.scdn.co/image/ab6761610000e5eb9f50682136dd6c4c928c17d0
167,3fZk3Gm5dN5v5yfYMQ04Bx,Dímelo Flow,Dímelo Flow,311652,1258.826642,0,55,190,https://i.scdn.co/image/ab6761610000e5ebf64b7eeda594e0ab8deb8b74
168,7wOZy3KdFVVINgNFFxkxwO,Jerry Rivera,Jerry Rivera,1392847,539.165997,0,8,19,https://i.scdn.co/image/ab6761610000e5eb58f5558a4dbb6d809bae1e6f
169,1pf0MPKfKdvS8J779mS1Ay,Miky Woodz,Miky Woodz,2973103,4765.328821,0,98,180,https://i.scdn.co/image/ab6761610000e5ebbfbf1c02bf29eceaadd84e7c
170,6NmMI7UnfmIpLRYoz8H9jm,Ankhal,Ankhal,125135,77.010265,0,24,29,https://i.scdn.co/image/ab6761610000e5eb4f36c6d2aabd8dd7543d9781
171,0odliLZMTk45CEVzF3Zocl,Mozart La Para,Mozart La Para,371359,4150.196709,0,43,113,https://i.scdn.co/image/ab6761610000e5eb7a758d6dde8f2b3abaf58ade
172,3Okcq0dqLVlEFHRZ5t22bA,Voltio,Voltio,723346,1303.349764,1,40,56,https://i.scdn.co/image/8a87cea2034ecc3700ad827f99714a701828d8f5
173,1lgtR3WlcFxEy6yPoOh0J2,Hozwal,Hozwal,88127,2423.12487,0,45,48,https://i.scdn.co/image/ab6761610000e5eba46fc59d130434050e4e1bcd
174,6FOpWOxsjQxKEbLiJpU1xV,India Martinez,India Martinez,799281,2988.762518,5,27,38,https://i.scdn.co/image/ab6761610000e5eb38e082f05ad4798018f07214
175,7wU2WGCJ8HxkekHHE2QLul,Fuego,Fuego,248346,4294.761035,3,43,80,https://i.scdn.co/image/ab6761610000e5eb147cb1db29a72ed311f07ae2
176,3PAwspMN27PDm81WwXDsMf,Reykon,Reykon,3060926,3116.747084,1,42,59,https://i.scdn.co/image/ab6761610000e5eb34b80d042d1280d4bd2ccfa9
177,4QrBoWLm2WNlPdbFhmlaUZ,KEVVO,KEVVO,443834,986.898295,0,49,125,https://i.scdn.co/image/ab6761610000e5ebe9f3b03885b3fb7b92395c5a
178,6w3SkAHYPsQ1bxV7VDlG5y,Cazzu,Cazzu,4764272,7656.059674,0,59,217,https://i.scdn.co/image/ab6761610000e5ebefd0f64284cedfab7591c4a6
179,5bWUlnPx9OYKsLiUJrhCA1,Jon Z,Jon Z,4492588,7567.976078,0,101,224,https://i.scdn.co/image/ab6761610000e5ebc989a9c2839895c8687d2da3
180,4zOhMWD0LoBe2nP7s9cHhX,Joyce Santana,Joyce Santana,89406,517.843873,0,39,74,https://i.scdn.co/image/ab6761610000e5eb5441925c348459c300831be4
181,2QWIScpFDNxmS6ZEMIUvgm,Julieta Venegas,Julieta Venegas,1709640,825.553374,5,28,38,https://i.scdn.co/image/ab6761610000e5ebbc5aa2e1c5632844b4dd518d
182,2DmYtFBKcxb3ajwWWgA576,Emmanuel,Emmanuel,2185685,2074.720619,5,16,21,https://i.scdn.co/image/ab6761610000e5eb12cfa437464e4180eb0a23fc
183,2DspEsT7UXGKd2VaaedgG4,Alex Rose,Alex Rose,2980429,6954.138621,0,68,127,https://i.scdn.co/image/ab6761610000e5ebc2a62a14000269ff2fa656f6
184,7lCRuW6BSXGAsxuQV9lR0i,Gigolo Y La Exce,Gigolo Y La Exce,470031,428.968586,0,45,77,https://i.scdn.co/image/ab6761610000e5ebe52bc035fccef431630ba2dc
185,5luyt0SUvGkDMY4ILP6Qhl,Descemer Bueno,Descemer Bueno,42599,1840.724122,1,17,35,https://i.scdn.co/image/ab6761610000e5eb6f17687bd4458a6145f95fc3
186,2cy1zPcrFcXAJTP0APWewL,Gente De Zona,Gente De Zona,1465851,3978.897478,1,42,96,https://i.scdn.co/image/ab6761610000e5eb2357c57a1496db97ed8a8a34
187,5pZE9tgrhmIGWAsJZ7YxNK,Luny Tunes,Luny Tunes,1361404,211.164163,1,23,530,https://i.scdn.co/image/ab6761610000e5ebde69c6f9babffc5943550723
188,27vNK840zYq6IfDijHPsv1,Gilberto Santa Rosa,Gilberto Santa Rosa,2118655,3051.082851,5,36,37,https://i.scdn.co/image/ab6761610000e5eb641d131db6eedeb6fa77e811
189,4V8Sr092TqfHkfAA5fXXqG,Luis Fonsi,Luis Fonsi,10458133,5477.473599,1,37,123,https://i.scdn.co/image/ab6761610000e5ebec1cd67f4c17468f335206eb
190,0r8toju2ecKaVtItkzAnNi,Aleks Syntek,Aleks Syntek,1244054,6699.193325,5,27,55,https://i.scdn.co/image/ab6761610000e5eb9f85f661de8271cff40fa8b2
191,2uEjXyVi0SA1HPpj3zquXh,Noel Schajris,Noel Schajris,981348,1046.887845,3,18,30,https://i.scdn.co/image/ab6761610000e5ebf5dcec71b91102b11987d1c5
192,5gOJTI4TusSENizxhcG7jB,David Bisbal,David Bisbal,3981434,2070.098343,3,27,77,https://i.scdn.co/image/ab6761610000e5eb20d6518a838a8dc7bfdb540e
193,4N5fp4zhTsVITZTVfsXpc2,Víctor Manuelle,Víctor Manuelle,1440450,2594.830696,1,40,61,https://i.scdn.co/image/ab6761610000e5ebe3f87bc61eaedafe14b814a9
194,7K9rdoOJSiKXoVXPlSkGKT,Paty Cantú,Paty Cantú,2044880,3652.546067,5,26,71,https://i.scdn.co/image/ab6761610000e5eb5409fe5698ee423576bc03d2
195,2e4nwiX8ZCU09LGLOpeqTH,Laura Pausini,Laura Pausini,2060829,1202.203987,5,17,25,https://i.scdn.co/image/ab6761610000e5eba1ca264aff097f33f02a9938
196,0h1zs4CTlU9D2QtgPxptUD,Ricardo Arjona,Ricardo Arjona,9460924,66.069224,5,5,6,https://i.scdn.co/image/ab6761610000e5eb9b7e4f8e868dc2adfe6c3f4d
197,4PrinKSrmILmo0kERG0Ogn,Trina,Trina,921984,10.891266,1,4,5,https://i.scdn.co/image/ab6761610000e5eb305f5f33baf8e7d11ff8b753
198,1noWnd8QFQD9VLxWEeo4Zf,Don Miguelo,Don Miguelo,210462,629.245792,0,26,45,https://i.scdn.co/image/ab67616d0000b273ba89160205df90af1437e0b2
199,5fJsY7afrbsyzJj9wdzJMh,"Tito ""El Bambino""","Tito ""El Bambino""",3167911,7134.22257,0,75,129,https://i.scdn.co/image/ab6761610000e5eb872ada5da8b8d530702a84f0
200,2bxxlINUlcMQQb39K7IopR,Abraham Mateo,Abraham Mateo,1401940,1571.175414,3,20,63,https://i.scdn.co/image/ab6761610000e5eb5e4204f8cf61cf28d566fb6e
201,7Bb4i0RT3zaudzb8KvxTUQ,Amarion,Amarion,67437,903.572395,0,44,59,https://i.scdn.co/image/ab6761610000e5eb3624f047eaa3715031d224e0
202,6kq4GHwUcUojGIu0ziSNXf,Amenazzy,Amenazzy,2214665,1524.72971,0,46,73,https://i.scdn.co/image/ab6761610000e5eb68c96322a861979fad62198c
203,16Juw2gfa9IxEL3Vu69cH7,Yaga & Mackie,Yaga & Mackie,413158,750.671568,0,36,117,https://i.scdn.co/image/ab6761610000e5eb021c0743f56ff5fb6091205a
204,3NpG6SsHaQETkdQVZH6V1E,Kiko el Crazy,Kiko el Crazy,81331,1063.662894,0,45,71,https://i.scdn.co/image/ab6761610000e5eb03c9a58bd8f5484b484b447c
205,65jIUih0ZeTUJhSTRuYxpi,Omy de Oro,Omy de Oro,196671,182.283314,0,31,52,https://i.scdn.co/image/ab6761610000e5ebbfa1bf676b75a8473e157f3b
206,2QUvtLq6oQaX0LNsYY2fas,Cauty,Cauty,847513,1842.824116,0,57,186,https://i.scdn.co/image/ab6761610000e5ebf67bd71f5d5143352062d13b
207,4bw2Am3p9ji3mYsXNXtQcd,Piso 21,Piso 21,8278171,1677.553616,3,27,46,https://i.scdn.co/image/ab6761610000e5eb4500483a1ba2e4cb2f8bde67
208,1aWJsBQa67l72j1VT3D6Ow,Micro TDH,Micro TDH,1297460,1281.550971,0,18,42,https://i.scdn.co/image/ab6761610000e5ebd3848049ad1aea071af77b40
209,4m6ubhNsdwF4psNf3R8kwR,KHEA,KHEA,4265802,7731.177095,2,53,204,https://i.scdn.co/image/ab6761610000e5eb16d81001af30e58bd1d7de4f
210,53KTldaJ8tHSkYU3nigfwP,Fonseca,Fonseca,2345363,6375.787772,3,29,51,https://i.scdn.co/image/ab6761610000e5ebf415fc312ef01c6c82c2af39
211,2t7vyRN71qtQT18frElAnV,Maikel Delacalle,Maikel Delacalle,398552,3199.055521,3,25,73,https://i.scdn.co/image/ab6761610000e5eb9d451fcfcced5a4402304cdc
212,7okwEbXzyT2VffBmyQBWLz,Maná,Maná,8220428,157.384762,1,8,9,https://i.scdn.co/image/ab6761610000e5eb152dcec8175d19fb12eeb8e0
213,6sq1yF0OZEWA4xoXVKW1L9,Alejandro Fernández,Alejandro Fernández,5794046,2104.169682,3,21,43,https://i.scdn.co/image/ab6761610000e5eb452691cfa37fdd5b3417ed0d
214,4VVEpEhC8NcR7AqNEds42U,Chimbala,Chimbala,431284,2857.325385,0,39,94,https://i.scdn.co/image/ab6761610000e5ebf9e5460dec9c8cb301761a06
215,69UypehHabb68utzfjAVlV,Kany García,Kany García,1601196,7073.233002,5,31,39,https://i.scdn.co/image/ab6761610000e5ebea847a803f68d39eae07afa2
216,0n6sKrG0xKAf8xmdqeNGke,Los Legendarios,Los Legendarios,75832,1.870741,1,8,37,https://i.scdn.co/image/ab6761610000e5ebe2322e7cfdaf1bea3fff8e79
217,50sIhX3HytFEwQXZJLUZQE,Alejo,Alejo,22058,1084.425152,0,8,21,https://i.scdn.co/image/ab6761610000e5eb3cef38d5d22d0db8177ff38a
218,4NEYQeEYBUjfaXgDQGvFvu,Franco De Vita,Franco De Vita,4065485,12835.328994,5,32,49,https://i.scdn.co/image/ab6761610000e5eb21fb9c2d53162906b9c23035
219,2jw70GZXlAI8QzWeY2bgRc,Nelly Furtado,Nelly Furtado,3220620,600.963368,3,15,20,https://i.scdn.co/image/ab6761610000e5eb4cd5711d0422af7209cdf37a
220,5aB4SpKYteOJ8pAleoKkg7,Hector & Tito,Hector & Tito,684661,105.671778,1,26,54,https://i.scdn.co/image/0e005c30e982cd454a6eef07c89b0ae07e0c6b94
221,7npqy7rgdX2D3yfVyWExKo,Angel Y Khriz,Angel Y Khriz,858671,843.484009,1,25,115,https://i.scdn.co/image/ab6761610000e5eb4f12341242c8c3167d5c2ae2
222,0IUvQ8DrCymt5IHywZsda2,John Eric,John Eric,63995,20.455753,1,15,104,https://i.scdn.co/image/ab6761610000e5eb37f836ccfca349c18b6129c3
223,5C4PDR4LnhZTbVnKWXuDKD,Morat,Morat,6244168,3552.030088,3,27,200,https://i.scdn.co/image/ab6761610000e5ebeb27e0d833dcc24c376cb24c
224,6k8mwkKJKKjBILo7ypBspl,Ana Mena,Ana Mena,492526,2247.174313,3,20,23,https://i.scdn.co/image/ab6761610000e5eb34a09797a7e38ad9330ace9c
225,7xeM7V59cA1X8GKyKKQV87,Sin Bandera,Sin Bandera,4828597,374.320938,5,9,13,https://i.scdn.co/image/ab6761610000e5ebc013c0aa8fcc3e50677f5544
226,264nbMzGPSkDZqTY8nXwCG,Tommy Torres,Tommy Torres,849446,1296.590557,5,17,26,https://i.scdn.co/image/ab6761610000e5eb3ad2fd00f1e96ce0219af074
227,6ModsWtBph2rE6zCTVxvZt,Maite Perroni,Maite Perroni,1137500,460.119214,3,9,13,https://i.scdn.co/image/ab6761610000e5ebf804d78460a2469d69283161
228,0XIKGBo9PnK1ApI5tZA60d,DaniLeigh,DaniLeigh,1008607,215.88297,0,5,9,https://i.scdn.co/image/ab6761610000e5eb22b2d4713c50ae25a7201429
229,6tkyhGe9hGI3Lcfo4gVh6Z,ChocQuibTown,ChocQuibTown,613489,681.126662,3,22,41,https://i.scdn.co/image/ab6761610000e5eb08bfb67cb13074395532f417
230,5cDfQlhT80II3f2ECXm6oA,Chanell,Chanell,18938,133.525582,0,11,16,https://i.scdn.co/image/ab6761610000e5ebfa5f3f3ba3565c52fe74bf61
231,2MRBDr0crHWE5JwPceFncq,Juan Gabriel,Juan Gabriel,6757359,4646.738073,5,20,51,https://i.scdn.co/image/022102638a204d6cb0bb6276ba2656f9c92bf2c3
232,0UWZUmn7sybxMCqrw9tGa7,Juanes,Juanes,3920771,4483.518078,3,34,107,https://i.scdn.co/image/ab6761610000e5eb250f1e78d9f8b375b33e5ad6
233,1hcdI2N1023RvSwLzTtdsp,Natalia Lafourcade,Natalia Lafourcade,3413844,11704.873767,5,39,76,https://i.scdn.co/image/ab6761610000e5eb00d55232d7308bcad3108e42
234,7Hf9AwMO37bSdxHb0FBGmO,Alejandra Guzman,Alejandra Guzman,3014082,1544.903421,3,12,52,https://i.scdn.co/image/ab6761610000e5ebff480914a36f06a1dca2c8e8
235,23wEWD21D4TPYiJugoXmYb,Thalia,Thalia,4050366,4888.896843,1,31,42,https://i.scdn.co/image/ab6761610000e5eb1afdb4b3c2ffc005d366134e
236,5IFCkqu9J6xdWeYMk5I889,Gloria Estefan,Gloria Estefan,624168,470.461481,5,9,18,https://i.scdn.co/image/ab6761610000e5ebcb6ddcef04b60c7078151ac7
237,2weA6hhVqTIN2gSn9PUB9U,Celia Cruz,Celia Cruz,471580,2728.836621,5,29,135,https://i.scdn.co/image/ab6761610000e5ebb58cbc73f2b755f60134c54b
238,4pv1Jo4PbYI8LMADJoTWjE,Olga Tañón,Olga Tañón,718852,1032.178825,1,15,12,https://i.scdn.co/image/ab6761610000e5eb8260eae50a89f1292772b441
239,4uoz4FUMvpeyGClFTTDBsD,Ricardo Montaner,Ricardo Montaner,5033178,566.320737,3,14,22,https://i.scdn.co/image/ab6761610000e5eba52d55f1b4af8cc18bd557be
240,6Hf2g14O2TP25JUNZuvIgn,Alicia Villarreal,Alicia Villarreal,663812,458.440724,5,6,14,https://i.scdn.co/image/ab6761610000e5eb8d3b06c21fc45ce54f0581e4
241,4mN0qcMxWX8oToqfDPM5yV,José José,José José,5081891,3638.256786,5,14,42,https://i.scdn.co/image/ab6761610000e5eb0c387e6ddb399d55a8e51341
242,1JbemQ1fPt2YmSLjAFhPBv,Chayanne,Chayanne,6346212,292.882184,5,6,8,https://i.scdn.co/image/ab6761610000e5ebe2efbe510ede3ecd9db620f0
243,1d6dwipPrsFSJVmFTTdFSS,Paulina Rubio,Paulina Rubio,2389591,531.355985,3,10,34,https://i.scdn.co/image/ab6761610000e5eb020121a20d0935ee98019469
244,1ZVoRDO29AlDXiMkRLMZSK,La Ley,La Ley,1284511,144.476083,5,6,3,https://i.scdn.co/image/809530f901c9697984f669b6f4a6fea1dc9762f6
245,43qxAkuKFB6fMNSeS5dO7Z,Ana Bárbara,Ana Bárbara,1011181,3563.656639,5,13,13,https://i.scdn.co/image/ab6761610000e5eb014a2e5468aac4777b1d0b8a
246,2gDqGAadPIPiA7LtmNn74g,Gian Marco,Gian Marco,1165022,1516.407857,5,16,17,https://i.scdn.co/image/ab6761610000e5eb4ea81c45c3e7f96244ece553
247,4OgNARLQSC4yy7Dsa5cqxx,Yuri,Yuri,1912973,2866.802428,5,20,104,https://i.scdn.co/image/ab6761610000e5eb08d697859c0b6ad074734d04
248,7mWCSSOYqm4E9mB7V4ot6S,Miguel Bosé,Miguel Bosé,2114624,5108.382805,5,34,70,https://i.scdn.co/image/ab6761610000e5eb7d888623c984600e6af1fdc5
249,15YnmlNukYCFvwaFnoDwwV,José Luis Rodríguez,José Luis Rodríguez,823334,1551.25767,5,14,29,https://i.scdn.co/image/ab6761610000e5ebc70544f7af8dcacedbd2dc75
250,5xd2Tg7Zo8755eCy8Gxkp8,Ha*Ash,Ha*Ash,6645390,1167.930745,5,17,25,https://i.scdn.co/image/ab6761610000e5ebe950e4a585ee924a874014f9
251,77aLk6J8ofnVxa1eXK9jiU,Matisse,Matisse,851617,2356.94304,3,20,24,https://i.scdn.co/image/ab6761610000e5eb52493594acd9b3678e9128a9
252,2O3v9rCTzLhPFaGaAVgZLt,Río Roma,Río Roma,2442815,1036.0925,5,23,34,https://i.scdn.co/image/ab6761610000e5eb68c2164a213ca52f65fbd22f
253,4RjamFQJNT8nVbTKXJDJgv,Kalimba,Kalimba,1794206,602.717209,3,9,13,https://i.scdn.co/image/ab6761610000e5eb714e207a203d62693c6587a4
254,32x1uogH2zajP85pzZAtuE,Axel,Axel,1317589,1878.154555,5,18,21,https://i.scdn.co/image/ab6761610000e5eb3e2431574940af06903aea6a
255,5H1nN1SzW0qNeUEZvuXjAj,Danny Ocean,Danny Ocean,4196788,312.157224,3,12,16,https://i.scdn.co/image/ab6761610000e5eb5f8bb457ee2815cc276ddb9d
256,52iwsT98xCoGgiGntTiR7K,Quevedo,Quevedo,308484,1266.127163,2,9,12,https://i.scdn.co/image/ab6761610000e5ebe69c72bc38dd096c7bd42270
257,0AqlFI0tz2DsEoJlKSIiT9,Emilia,Emilia,825757,701.275022,2,15,26,https://i.scdn.co/image/ab6761610000e5ebaf96d1453d77d1d758c224bd
258,716NhGYqD1jl2wI1Qkgq36,Bizarrap,Bizarrap,6150553,8314.018761,2,60,70,https://i.scdn.co/image/ab6761610000e5eb12085fdb28f314e01ef73a19
259,2IMZYfNi21MGqxopj9fWx8,Rels B,Rels B,3855968,3208.089865,2,25,27,https://i.scdn.co/image/ab6761610000e5eb0bb169e3c278dc073b43d074
260,2qWK8K2Jfh67UqtwY8tCW6,YSY A,YSY A,1041520,531.388744,2,25,36,https://i.scdn.co/image/ab6761610000e5eb3c8d2ce6ac7e9cfdf6ba2808
261,4IG1SDlwgNKzqTmjBrvY3K,Rei,Rei,147755,2381.427684,3,25,92,https://i.scdn.co/image/ab6761610000e5eb351497ab26eae0bc95d8d7c6
262,4puAp107dCehraE47QXVQX,C.R.O,C.R.O,974380,5096.507864,2,45,61,https://i.scdn.co/image/ab6761610000e5eb7482d3ee6fb2ae5b235dec27
263,1SiLK8gdECx2iEm2SSj0Bl,Ak4:20,Ak4:20,496046,185.712498,2,9,9,https://i.scdn.co/image/ab6761610000e5ebe5ea83b5de23a89904c83e81
264,5pughe5rcsOq3GF0utMOs5,DrefQuila,DrefQuila,948138,124.471893,2,11,11,https://i.scdn.co/image/ab6761610000e5ebd87ca8a7a2e6ce6f83d9f956
265,6Nl4VXcX86fBMO4YE6oYfN,Asan,Asan,103806,455.78601,2,15,23,https://i.scdn.co/image/ab6761610000e5ebc3657d934d8dcbbb1c9f2b78
266,01m2XZ7m7rAz6KY3scTdaV,Neo Pistea,Neo Pistea,974181,4558.930475,2,53,99,https://i.scdn.co/image/ab6761610000e5eb8c5dee7ae8ad5d42182997d6
267,48vP5SxlTO6yOI7SLKIOQV,Obie Wanshot,Obie Wanshot,27254,49.791058,2,13,19,https://i.scdn.co/image/ab6761610000e5ebd7d6d1ddf37e9298033bc0c4
268,5TYxZTjIPqKM8K8NuP9woO,C. Tangana,C. Tangana,2085761,12973.577919,2,37,79,https://i.scdn.co/image/ab6761610000e5ebdfb9d2cb6a43021d9002a10e
269,40lro6xpFS9TxV2uC7yvs4,Leebrian,Leebrian,29932,212.878751,0,17,22,https://i.scdn.co/image/ab6761610000e5ebb50d4ea42cc7abe2f1376b83
270,2zPvDg6LI6NHPQVQIESjfW,Lara91k,Lara91k,29850,2567.82374,0,13,18,https://i.scdn.co/image/ab6761610000e5eb3b990d389d3f168bcde55038
271,2IKdK6PbitvCiXt1t2bPU6,Mesita,Mesita,196912,1220.128998,2,13,19,https://i.scdn.co/image/ab6761610000e5ebc14086a25b6bdf4329420d0d
272,1OBizG9nrnHJkrL9NjnWYN,Lucho SSJ,Lucho SSJ,293557,902.307097,2,29,29,https://i.scdn.co/image/ab6761610000e5eb5cf1ef8b05cdec830fef81dc
273,4IC2X34tZmHG3VfTbpzvwL,Julianno Sosa,Julianno Sosa,212172,569.806533,2,14,33,https://i.scdn.co/image/ab6761610000e5eb30abfbcd5d54894e9340e649
274,0Yg29FX1M4ayqjXs0ttZFq,Young Cister,Young Cister,194622,100.361334,2,14,36,https://i.scdn.co/image/ab6761610000e5eb7aeaaab2c42cbebe82f3c77c
275,6H70hylNqfc86Omz8GoyDB,Tobi,Tobi,131989,11.04259,2,10,7,https://i.scdn.co/image/ab6761610000e5ebe0c5c2874cbd8a612b36c15b
276,348pk4o3EhKmsSahzuClSf,CA7RIEL,CA7RIEL,148181,79.83316,2,12,16,https://i.scdn.co/image/ab6761610000e5eb687600a13bb57ef13f075c64
277,0VZrPa7mWAYXH4CwmYk8Km,Kidd Keo,Kidd Keo,2217139,574.515414,2,12,27,https://i.scdn.co/image/ab6761610000e5eb939db8fa23c5ea603ed04554
278,25THA9HUHoxpCT4LBp7UsZ,Vicentico,Vicentico,1386600,847.764753,5,20,28,https://i.scdn.co/image/ab6761610000e5ebbb862018edbbaeaeb0f960d0
279,0Hkx0YcHHxDRRbH9WsSW0I,Marcianos Crew,Marcianos Crew,161682,214.732295,2,17,16,https://i.scdn.co/image/ab6761610000e5eb058b22aa62c696ce58ddf1d4
280,4D2d63igYEdzhzFnxrSow7,Frijo,Frijo,598505,458.765399,2,25,21,https://i.scdn.co/image/ab6761610000e5eb2363470ece148dcbc06c9525
281,2byU53ebtTxcAnIRE814Ts,Bebe,Bebe,426557,285.303045,5,11,18,https://i.scdn.co/image/ab6761610000e5eb8608e12e17314f7b7469a1c2
282,5LeiVcEnsZcwc133TUhJNW,Belinda,Belinda,1473593,208.052934,3,14,77,https://i.scdn.co/image/ab6761610000e5eb0bd2a5deecd7641dfd693e34
283,60uh2KYYSCqAgJNxcU4DA0,Hombres G,Hombres G,3136312,75.39988,5,6,7,https://i.scdn.co/image/ab6761610000e5eb04c4062671c216a926f425f2
284,4U7lXyKdSf1JbM1aXvsodC,La Oreja de Van Gogh,La Oreja de Van Gogh,2911303,695.507071,5,11,13,https://i.scdn.co/image/ab6761610000e5ebc9ea82332c05d870ce3cfe6e
285,7mUBMaZW1MXGswaneb0JTT,Macaco,Macaco,403093,6462.858513,5,22,28,https://i.scdn.co/image/ab6761610000e5ebefee3250a04917d78a21a6cc
286,368rTiMKMrz3b03az6B14w,Marta Sánchez,Marta Sánchez,319294,425.65519,3,10,16,https://i.scdn.co/image/ab6761610000e5eb0564f328f301441b8e640bd7
287,5B6H1Dq77AV1LZWrbNsuH5,Jarabe De Palo,Jarabe De Palo,1329141,213.062725,5,7,8,https://i.scdn.co/image/ab6761610000e5eb70f08f633c78d37071b55f7a
288,5kSJMVPcTITrSZxTrHllVN,Vanesa Martín,Vanesa Martín,956509,3179.378642,5,26,35,https://i.scdn.co/image/ab6761610000e5ebcc0d81132bd8d26c7d990b29
289,3AIPhNgeF9S1Kyg9Yy3UQW,Dani Martín,Dani Martín,769525,1292.685538,5,21,40,https://i.scdn.co/image/ab6761610000e5eb4af41d5ca296f24f760f9cc2
290,7qAoXV4U0qDxQAUqhszjAA,Manuel Carrasco,Manuel Carrasco,1859523,59.357857,5,11,28,https://i.scdn.co/image/ab6761610000e5ebe8824b7a6dffc7ac76c96ef2
291,5xSx2FM8mQnrfgM1QsHniB,Danna Paola,Danna Paola,3886599,4732.790838,3,22,101,https://i.scdn.co/image/ab6761610000e5ebfd42f7d16d0a5c30c09e50ea
292,3VCrybIJKH7UurbDcZbMmn,Cami,Cami,738407,2163.217012,5,19,87,https://i.scdn.co/image/ab6761610000e5ebe6034cb3c8300c09cd179fea
293,49Z1AvGeUaBSanPaOmplK6,Andrés Cepeda,Andrés Cepeda,2456524,1370.173158,3,22,39,https://i.scdn.co/image/ab6761610000e5eb0be096b2196b0bdb00cdd63e
294,2urF8dgLVfDjunO0pcHUEe,Alvaro Soler,Alvaro Soler,1593423,276.106469,3,8,27,https://i.scdn.co/image/ab6761610000e5eb4f66ae1f0b375991c6d9ca2d
295,3bvfu2KAve4lPHrhEFDZna,Lola Indigo,Lola Indigo,773948,3343.842284,3,23,206,https://i.scdn.co/image/ab6761610000e5eb96f3b815e734ee172bcdf245
296,4TCAAIMmeZXCTVlHUsicOn,"Héctor Acosta ""El Torito""","Héctor Acosta ""El Torito""",684638,701.158854,1,18,20,https://i.scdn.co/image/ab6761610000e5eb09852b1b82e758366f576bd0
297,5Y3MV9DZ0d87NnVm56qSY1,Tiago PZK,Tiago PZK,2204895,3000.326522,2,19,31,https://i.scdn.co/image/ab6761610000e5ebfa1929a26839ae468cf85f07
298,3p3jPcp8b7WL9XYj4xlsWj,Snow Tha Product,Snow Tha Product,529077,136.672882,2,13,13,https://i.scdn.co/image/ab6761610000e5eba7de9f1c290f2e932fe83d90
299,5UN0rzL594mWY2RbOtZqIN,Ptazeta,Ptazeta,107918,1202.024921,2,8,9,https://i.scdn.co/image/ab6761610000e5eb0a04d3ebf0fda9a2b3a568ec
300,2x7PC78TmgqpEIjaGAZ0Oz,Trueno,Trueno,3611515,783.610361,2,13,18,https://i.scdn.co/image/ab6761610000e5eb18af5b851999c50e3b7b1cb4
301,6cC67GpmPCjQjOYLpmOGhN,Dani Ribba,Dani Ribba,335424,22.755287,2,9,13,https://i.scdn.co/image/ab6761610000e5ebfb21766fb6dad831cc8b7f72
302,38epWdyauFwdRkldqUMfWE,Chucky73,Chucky73,135821,306.425,0,20,40,https://i.scdn.co/image/ab6761610000e5eb7e7f9f4544d5e3a2ee800f94
303,3wsYquQ9CiMlYG54BUR2ff,ZARAMAY,ZARAMAY,170412,2424.585085,2,18,16,https://i.scdn.co/image/ab6761610000e5eb549c7c08031606b62b600917
304,2TQ4CGgxxCWHqa9yYIGDoU,Big Soto,Big Soto,789233,5310.013386,0,53,160,https://i.scdn.co/image/ab6761610000e5ebfcc91102f40f5daed383740a
305,5wUO3A6DT4tO5UDz21kE2Y,Neutro Shorty,Neutro Shorty,653252,2876.225291,0,24,68,https://i.scdn.co/image/ab6761610000e5ebddfb98195479b7e1a754ce2b
306,4cJD9t5QBFTUQcd3xfbOb2,Dillom,Dillom,329161,49.035857,2,16,3,https://i.scdn.co/image/ab6761610000e5ebba72ab78c81d0ea16818843e
307,66lf5bQo2BIEue1pxfgxQS,John C,John C,210307,978.929269,2,8,13,https://i.scdn.co/image/ab6761610000e5eb88cce591764e5d0dc95fb563
308,6vPXtLmNd3mW0dd1Rb9eQ9,Don Patricio,Don Patricio,583731,1838.793758,3,17,49,https://i.scdn.co/image/ab6761610000e5eb9e855ed552647416afe0e9ed
309,3E7NGbzUGlOjgYY8nvtijR,Paco Amoroso,Paco Amoroso,122852,740.404727,2,7,15,https://i.scdn.co/image/ab6761610000e5ebdef9c708fa272ebed879c84c
310,6GEaxHZNiogI175zUr4KvH,Axel Fiks,Axel Fiks,31152,1006.688987,5,9,9,https://i.scdn.co/image/ab6761610000e5eb3f142b103c461a7ac165f68f
311,4C29ETLBPmYKYwtJUepbJz,Seven Kayne,Seven Kayne,1093254,816.054731,2,20,23,https://i.scdn.co/image/ab6761610000e5eb3d1ed5beb2d6e6257dfc9b42
312,0Xo4VFS3v07L0GwIVkZLfg,Homer El Mero Mero,Homer El Mero Mero,212332,7216.894175,2,39,36,https://i.scdn.co/image/ab6761610000e5ebff0d6c65e8237b1096a6697a
313,768O5GliF0bqscyghggrbE,Polimá Westcoast,Polimá Westcoast,252639,2432.766907,2,34,59,https://i.scdn.co/image/ab6761610000e5eb76af908f3cfcac6cf6b5c220
314,1vqR17Iv8VFdzure1TAXEq,LIT killah,LIT killah,3640317,2140.743087,2,21,27,https://i.scdn.co/image/ab6761610000e5eb67d0ad198019f83fe131304b
315,0bYQe0JDIjxkSHQoXlfngl,ACRU,ACRU,289532,114.360231,2,9,3,https://i.scdn.co/image/ab6761610000e5ebb4985306d52643aaa2b57008
316,15RLdM61VHtknTIYIuNviR,Blunted Vato,Blunted Vato,269922,35.174422,0,18,12,https://i.scdn.co/image/ab6761610000e5eba79e3018641653ae8b2bfceb
317,5l4GdLELvdnXZVT5g947i3,LOUTA,LOUTA,152863,1195.209606,5,9,7,https://i.scdn.co/image/ab6761610000e5eb80d72d75245d1e6c2441b87b
318,2Jb9jVnCpWkXtoGznFJ6bF,Ecko,Ecko,987766,1767.292526,0,33,96,https://i.scdn.co/image/ab6761610000e5ebd84d831dd03085bd459a8bb4
319,0adJG3bdFTHCkTY28NkY4u,Bejo,Bejo,221687,2589.908443,2,21,19,https://i.scdn.co/image/ab6761610000e5ebf3ba08ecd314e20cea240a45
320,4QmDIEVrROsBAad02Mlc1p,Estani,Estani,13052,533.800961,2,9,10,https://i.scdn.co/image/ab6761610000e5eb0bed14130f7bfe8abce1d346
321,0sHeKC0Zcxpz4wOHHE5oJ7,Jay Kalyl,Jay Kalyl,167125,491.752334,4,13,12,https://i.scdn.co/image/ab6761610000e5eb5fe9738550881f6f7e3dbb83
322,0OROVBEZCocg0FcgJpyBse,Alex Sensation,Alex Sensation,165903,15.170161,0,17,34,https://i.scdn.co/image/ab6761610000e5eb82e1d726d26d83643e0d2455
323,4LbuSjHhhAddvN44qXpRJo,Amaia Montero,Amaia Montero,1019704,738.314866,3,8,14,https://i.scdn.co/image/ab6761610000e5eb1887f68f59e3f555754ebf2e
324,5dbaLmK5SHLLg8Z4CcTJpX,Greeicy,Greeicy,5647395,1652.25153,1,24,166,https://i.scdn.co/image/ab6761610000e5eb3f92d719fe7223ad9fdd2be6
325,1phfTBIocBW3UwqcYjaEN6,Mike Bahía,Mike Bahía,2599436,1234.053383,1,23,58,https://i.scdn.co/image/ab6761610000e5eb051bb93744074bf628c71822
326,1bZNv4q3OxYq7mmnLha7Tu,Fito Paez,Fito Paez,1282796,2053.645591,5,26,31,https://i.scdn.co/image/ab6761610000e5eb48a2c040284bcba297a4e6a6
327,6GRC8segVAr34gm6pjfSoQ,Fanny Lu,Fanny Lu,841417,3589.417332,1,18,25,https://i.scdn.co/image/ab6761610000e5ebd68ffbdb2e562fdd4eb866b5
328,5BwMgvRwlq61SmknvsVIQj,Rubén Blades,Rubén Blades,1179200,1162.379195,5,19,16,https://i.scdn.co/image/ab6761610000e5ebdea0cd678edd47fe4b31e3c7
329,5vLOlJcOKe9DfBC5LeLpSs,Lucas Arnau,Lucas Arnau,239638,706.460869,5,6,6,https://i.scdn.co/image/ab6761610000e5eb4a237edd6d1813444225a8db
330,1vrahybrKylgwkjhbmOz94,Yera,Yera,56066,791.802761,3,21,120,https://i.scdn.co/image/ab6761610000e5eb9805a7d2689558400db9d9d6
331,6dexNK5MjEL8UvmA5MjSgg,Felipe Peláez,Felipe Peláez,1087833,201.191273,5,9,14,https://i.scdn.co/image/ab6761610000e5ebbc5af9dec3d59aba54b468fa
332,3OcvS8PzSGYMBvLdzY6g3e,Silvestre Dangond,Silvestre Dangond,3691918,2823.794203,5,22,26,https://i.scdn.co/image/ab6761610000e5eb28b853a1c78b14c2cbc5086d
333,22P1OY4TRFRwhP0q29loQ8,Lali,Lali,1340248,1528.535416,3,17,23,https://i.scdn.co/image/ab6761610000e5eb36bd1496e4f707f8a6a5774d
334,11YLRSsZA3YVuQQtHXKTlz,Rafa Pabön,Rafa Pabön,208523,3170.64484,0,60,90,https://i.scdn.co/image/ab6761610000e5eb02421a368a7cc3fcaf147c06
335,3HH6yOn1yJNZo3RY5zEfy5,Javiielo,Javiielo,249517,721.488223,0,19,34,https://i.scdn.co/image/ab6761610000e5eba27ac01599c4291434bb2b87
336,62lbdm09j0QUbWB7SqCJvt,Anonimus,Anonimus,263901,3359.566123,0,90,175,https://i.scdn.co/image/ab6761610000e5eb353d4cda36afbd18d4c7b186
337,5RwfJb8wxN1fuodcPORVxP,José Luis Perales,José Luis Perales,1813945,771.919035,5,6,23,https://i.scdn.co/image/4758fc2c8895a4889fe887ea7198dd7d4e14464f
338,72v53CufRiSyqcQ78KUQ5p,José Maria Napoleón,José Maria Napoleón,857555,589.281178,5,8,100,https://i.scdn.co/image/ab6761610000e5eb6333b5d807b82832930171bd
339,1dJyh390MvfYPuNbhnbSDs,María José,María José,2008005,3802.629937,5,33,135,https://i.scdn.co/image/ab6761610000e5eb1db427adcfc7b6ba896a378b
340,1dbp04JzZ81JXlMGupCnJ8,Antonio José,Antonio José,480558,894.363914,3,17,34,https://i.scdn.co/image/ab6761610000e5ebf426747381f6b2e75f2cca34
341,3zhijRRIZX2B6G2T7vJl9p,Mijares,Mijares,1632492,1018.942144,5,10,13,https://i.scdn.co/image/ab6761610000e5eb084fa23929cb593f08f8dfce
342,0txXDZCdXBzha20sgN1GRk,Karen Méndez,Karen Méndez,529499,825.421005,1,7,12,https://i.scdn.co/image/ab6761610000e5eb0494f2ac44a6a81ff7654afb
343,7f02bxFbZIOVdSbYRNYvLT,Jerry Di,Jerry Di,246603,499.1532,0,27,78,https://i.scdn.co/image/ab6761610000e5eb62bf24aea73d22f18f8b54fb
344,6AT27ojKlBuZToFIGwQZDc,Sammy & Falsetto,Sammy & Falsetto,309083,50.794236,0,19,24,https://i.scdn.co/image/4cd90c5d3de7d6fe736bc420bf217092a39741eb
345,4JreHVYyb6GqE2BU03Kx96,Dayme y El High,Dayme y El High,235122,4777.677312,0,58,116,https://i.scdn.co/image/ab6761610000e5eb6010e5e6e5c0ef91c5d4f7cf
346,7yjRUA0Iz3VI4Kqa5oPJZK,Jd Pantoja,Jd Pantoja,3278280,449.033436,0,13,19,https://i.scdn.co/image/ab6761610000e5eb5e7555acb14b80f9e79c8561
347,1wGIhYkKWSq4yACtTkCkSX,Canserbero,Canserbero,4758472,63.340245,3,5,8,https://i.scdn.co/image/ab6761610000e5eba91405d63c939682e4efdcbc
348,1PNgAcUW6UgN59okEaTpvG,McKlopedia,McKlopedia,219996,1026.617576,1,14,19,https://i.scdn.co/image/ab6761610000e5eb694816ed931f729d5effe689
349,6TASDj2ogOKQptnxgEvrcP,Jowell,Jowell,133243,1423.385406,0,65,252,https://i.scdn.co/image/ab6761610000e5eb72ed00b47de529c724bb64c2
350,1ykothWH0xl8drRyJWuw7I,Ñejo & Dalmata,Ñejo & Dalmata,1174051,28.203034,0,24,223,https://i.scdn.co/image/ab67616d0000b2734a2cfa7ff9391b0b9d83fab1
351,6UBb8ZUUyarsyod6snflAR,J-King y Maximan,J-King y Maximan,150615,1053.67869,0,43,55,https://i.scdn.co/image/ab6761610000e5eb9e37198ae7bd14f898e35ccd
352,0FDJB5xf8i09jDjIg1qNED,Carlitos Rossy,Carlitos Rossy,254846,677.591559,0,36,75,https://i.scdn.co/image/ab6761610000e5eba27dc91963fe26a981bdbcdd
353,7vXDAI8JwjW531ouMGbfcp,TINI,TINI,4656464,1906.058323,3,26,119,https://i.scdn.co/image/ab6761610000e5eb0cd53a4c51d4cde67789432d
354,0haZhu4fFKt0Ag94kZDiz2,Sofía Reyes,Sofía Reyes,2557027,515.229024,0,18,81,https://i.scdn.co/image/ab6761610000e5eb1630ace4444837a538d34048
355,4boI7bJtmB1L3b1cuL75Zr,Mon Laferte,Mon Laferte,4636707,4728.322273,5,20,72,https://i.scdn.co/image/ab6761610000e5eba0cf570a96052c5243dcd4b6
356,4uqzzJg3ww5eH7IgGV7DMT,Bunbury,Bunbury,2068892,1313.982715,5,16,30,https://i.scdn.co/image/ab6761610000e5ebfbd4d3ee2ef5070e0aa234c0
357,1Db5GsIoVWYktPoD2nnPZZ,Gloria Trevi,Gloria Trevi,3707488,2924.587174,3,20,53,https://i.scdn.co/image/ab6761610000e5eb2688765e9480cbae4c5d691c
358,2z3KntXLyEF5Lvz1kpdBoA,Caloncho,Caloncho,641352,1710.246652,5,12,103,https://i.scdn.co/image/ab6761610000e5ebe051a92b55113af37e881a91
359,5NS0854TqZQVoRmJKSWtFZ,Chino & Nacho,Chino & Nacho,2353950,125.021712,1,15,192,https://i.scdn.co/image/ab6761610000e5ebcd07df3b3284d11536a1b00b
360,4tLUnrSgMM7tT0zVs3wX61,Daniel Santacruz,Daniel Santacruz,121431,1096.912926,4,8,9,https://i.scdn.co/image/ab6761610000e5eb32a06509a9fadda25868e328
361,3ATyg4fGC9F8trfb0GRWmX,Joey Montana,Joey Montana,2588738,4322.218592,3,34,142,https://i.scdn.co/image/ab6761610000e5eb950174a9aa24bd9b87000396
362,2mUI4K6csTQd3jieswcmiI,Luis Enrique,Luis Enrique,834630,266.568651,1,12,10,https://i.scdn.co/image/02bdfed4ac00f4bced6cf9bde8d03c4770d3e7de
363,2GzKA5uPf3Nef6JjkUNk4H,Lyan,Lyan,44907,458.9155,0,49,160,https://i.scdn.co/image/ab6761610000e5ebeb9dd27bb613e7b10c515b8b
364,3TLGNOdp1UWYMnV5XG9HkR,Malú,Malú,1520215,8040.287273,5,63,228,https://i.scdn.co/image/ab6761610000e5ebdda586db241bf0f6e0535f91
365,1ADdpen72RPuafRcv0YRBf,Antonio Orozco,Antonio Orozco,1252650,701.730719,5,15,35,https://i.scdn.co/image/ab6761610000e5ebb4d9b8a37cf66beca4e5654e
366,6HTUcOExehqydqa7C3usAa,Abel Pintos,Abel Pintos,3158443,3826.758232,5,32,38,https://i.scdn.co/image/ab6761610000e5ebf55f98e211caf7acffcfdd7e
367,4ssUf5gLb1GBLxi1BhPrVt,Jorge Drexler,Jorge Drexler,698808,5395.045649,5,25,40,https://i.scdn.co/image/ab6761610000e5ebda79b27fb7ed372c7df916fc
368,72R3RMGmSmzG57R7OUaDaN,Toby Love,Toby Love,577473,235.570288,1,19,25,https://i.scdn.co/image/ab6761610000e5ebb28d8611e2dd7854d77d8cc9
369,13VwGEitoK8J0qjNjbgeTN,Flex,Flex,233515,844.650314,1,12,9,https://i.scdn.co/image/ab6761610000e5eb3a75d12c95348c6bbfd56c7a
370,6ZK8loFAzWKSFe3b7Lrq4V,Nova y Jory,Nova y Jory,780375,24.571651,0,17,24,https://i.scdn.co/image/ab67616d0000b2735c773ae14a1460b04ae8ab04
371,1Vr7DTbtTpOp4tn4hAGOYo,Lirico En La Casa,Lirico En La Casa,191417,769.565275,0,19,25,https://i.scdn.co/image/ab6761610000e5eb952fcb8be372b671b696b33b
372,3Apb2lGmGJaBmr0TTBJvIZ,Rusherking,Rusherking,910150,2898.122852,2,25,32,https://i.scdn.co/image/ab6761610000e5eb0da6be77755f7dc658759351
373,0dUyjgCyjfj5eMx6bX2TWf,FMK,FMK,889012,4244.809556,2,30,53,https://i.scdn.co/image/ab6761610000e5ebd4b856da002039eb8ce1805a
374,4EcIU574ksr6mC1GMEOe0p,Midel,Midel,323906,34.420082,2,14,16,https://i.scdn.co/image/ab6761610000e5ebf8dc60cf6517ac24c1b2134f
375,3t7UqWteBBmHXkcVhMSyay,Leonel García,Leonel García,654469,6307.847688,5,35,53,https://i.scdn.co/image/ab6761610000e5eb6ae5accfce3af95725a80b75
376,5ClJtuiNlr83ua45Dvpcf7,Santiago Cruz,Santiago Cruz,872699,1435.304842,5,19,23,https://i.scdn.co/image/ab6761610000e5eb8cb8c4a306356d4e72f12e18
377,0K59Fm1y7s3j498ueS4qzY,Soledad,Soledad,412115,5348.798028,5,30,47,https://i.scdn.co/image/ab6761610000e5ebffcd68a1cc895a489f557023
378,69BUYvpG9MbjCyIZfsFdhJ,Reyli Barba,Reyli Barba,1496382,10112.475231,5,24,26,https://i.scdn.co/image/ab6761610000e5ebc2ab48da78edcd1f929eb096
379,3jO5UGHrEzfd5YIamfs7Ir,Kumbia Kings,Kumbia Kings,278595,1360.810854,5,6,15,https://i.scdn.co/image/ab6761610000e5ebd802587be4827c71e3e75855
380,43hb5av90CTCWFldaaTp7n,Erik Rubin,Erik Rubin,267253,790.258697,5,14,25,https://i.scdn.co/image/ab6761610000e5eb3dc138e76e7b27bb0e25dfb7
381,4aeIWo5CMF1uRmqgJdwkZW,Joaquín Sabina,Joaquín Sabina,2518798,2605.82578,5,21,31,https://i.scdn.co/image/ab6761610000e5ebd30f9a429e2aa4eb9d1ddf21
382,3tAICgiSR5PfYY4B8qsoAU,Andrés Calamaro,Andrés Calamaro,1988292,7694.474526,5,32,75,https://i.scdn.co/image/ab6761610000e5ebed165e2586ad0d13b2bc078b
383,7afXSXOa8dE3c2C5XIguAv,Edith Márquez,Edith Márquez,1060794,136.989327,3,5,8,https://i.scdn.co/image/ab6761610000e5eb1d4621cdfd025be285e2cfdd
384,4kcnsS1aAB40FMcLD01gmI,KURT,KURT,239582,1361.921089,5,10,15,https://i.scdn.co/image/ab6761610000e5ebfc07203eae732c92d72f2025
385,3ZtIhDSOuRkpDyqjx53X1R,Esteman,Esteman,255741,595.899655,5,13,53,https://i.scdn.co/image/ab6761610000e5eba13eeedbbad39601b0a13de9
386,4bJh7sMPcVRiqe5jlnsWQV,DELLAFUENTE,DELLAFUENTE,570579,1002.980714,2,12,16,https://i.scdn.co/image/ab6761610000e5ebe9aeecbe10830137c4816b8c
387,4nXXIxTneJksvGXrlmX8oA,Kaydy Cain,Kaydy Cain,359027,2872.01466,2,38,51,https://i.scdn.co/image/ab6761610000e5ebb8f598224caa8b1371059864
388,0jeYkqwckGJoHQhhXwgzk3,Cruz Cafuné,Cruz Cafuné,208391,2362.849704,2,32,22,https://i.scdn.co/image/ab6761610000e5eb3912a311272f7b3ce56b2551
389,0zGM73sadbAOBLev02P8LO,Monica Naranjo,Monica Naranjo,614373,137.967774,5,7,8,https://i.scdn.co/image/ab6761610000e5eb811a2c80493660e20ad2fc22
390,2DP9xStkVVv753RBiEHXQB,Alkilados,Alkilados,1915949,2208.799234,0,21,38,https://i.scdn.co/image/ab6761610000e5ebe19e07273c64fb35c283904c
391,03Yb3iBy9GCifXiATEFcit,Pepe Aguilar,Pepe Aguilar,3656092,831.692003,5,11,12,https://i.scdn.co/image/ab6761610000e5eb6b204aa054bc0ce378462976
392,108moq3rq6bm1M4Ypz0J02,Intocable,Intocable,2770565,686.712285,5,6,7,https://i.scdn.co/image/ab6761610000e5ebe364b70e75860fb98604fb0f
393,5B8ApeENp4bE4EE3LI8jK2,Yuridia,Yuridia,2828293,234.450024,5,10,97,https://i.scdn.co/image/ab6761610000e5eb1e7d48150ced6100142a7138
394,2uyweLa0mvPZH6eRzDddeB,Rocío Dúrcal,Rocío Dúrcal,3179921,896.93353,5,10,27,https://i.scdn.co/image/2ae2272c989c4a0921f0dd99240ef51784fda6f3
395,5lODCkFdEtpPn3YxfmyLfT,Armando Manzanero,Armando Manzanero,610737,1333.664792,5,11,19,https://i.scdn.co/image/ab6761610000e5ebbada8e184bd77e4484d5f0c3
396,2HvyR5FsU37QMqVzIbGwl7,Mercedes Sosa,Mercedes Sosa,760831,3888.955657,5,32,54,https://i.scdn.co/image/ab6761610000e5eb513c5e2928bba4a3d4608eb4
397,44nb9BaqV2jVvxKCaXHwlP,Pandora,Pandora,267973,990.007097,5,13,15,https://i.scdn.co/image/ab6761610000e5eb1fc64f81515cd5d1a08c0bab
398,1G89WXRVVAEjU4VIwgg6XD,Ventino,Ventino,1298285,202.254522,3,7,7,https://i.scdn.co/image/ab6761610000e5eb3472eaad69b01369abfebb37
399,0i5iO6icb7kxg48thi9gBM,Manuel Medrano,Manuel Medrano,2118539,19.848826,5,5,6,https://i.scdn.co/image/ab6761610000e5eb8f4ed6fa785cdb13c3e1f9db
400,5YCc6xS5Gpj3EkaYGdjyNK,WOS,WOS,2829792,1686.11707,2,10,9,https://i.scdn.co/image/ab6761610000e5eb632866253c99e4531985aa1a
401,2gRP1Ezbtj3qrERnd0XasU,Camila,Camila,3598466,567.722354,5,12,30,https://i.scdn.co/image/ab6761610000e5eb74dc5cfab4be58a97ab61d35
402,3rqKgkODmiyDdimpz5D3y1,Yannc,Yannc,47175,59.314771,0,14,16,https://i.scdn.co/image/ab6761610000e5eb288410ce07aac7ca0dd2752d
403,128ftF9X7Kd7Di2fq3wYVs,Jamby El Favo,Jamby El Favo,797441,3330.270066,0,37,73,https://i.scdn.co/image/ab6761610000e5ebbd5cbba4c21df590739d4530
404,2oT7xd9iTO2ejLsNGIMa5f,Flow La Movie,Flow La Movie,13816,0.0,0,6,16,https://i.scdn.co/image/ab6761610000e5ebd9d45c111ed57ff967cd46ca
405,5Hsv8dUHHOdnn72q4XIVz7,Leiva,Leiva,609201,1677.35405,5,26,24,https://i.scdn.co/image/ab6761610000e5eb52a11e3ff6141b14a5858860
406,3HrbmsYpKjWH1lzhad7alj,Los Auténticos Decadentes,Los Auténticos Decadentes,1708603,7317.457023,5,39,36,https://i.scdn.co/image/ab6761610000e5eb39bb27c9cc186cb2479a48d6
407,4ClsVDy2g7RKSSlvq8cF6d,León Larregui,León Larregui,1710236,31.614363,5,4,11,https://i.scdn.co/image/a39283ebc434e867bbfa42818764a2c4b432edca
408,11mqrDSFRRz8g0Wb3syJj5,Panteon Rococo,Panteon Rococo,2211649,236.796736,5,10,9,https://i.scdn.co/image/ab6761610000e5eb32da892bd74fedc3a32bf16f
409,1ne2c2YEgt4MmJCJGCsfsZ,Ely Guerra,Ely Guerra,362793,1426.720754,5,10,6,https://i.scdn.co/image/ab6761610000e5ebe1bb310836f08c0877112944
410,7qjoG7bwhAjSd7nJTcjgAk,Kevin Johansen,Kevin Johansen,329347,197.194671,5,16,17,https://i.scdn.co/image/ab6761610000e5eb3bf69466fac25464cb8652e6
411,1c84wItoiAe1pEbpJMqUmQ,Oscar D'León,Oscar D'León,1188713,2748.261747,5,17,24,https://i.scdn.co/image/01a4bd3a5b74f35a8d47961c3bfcb94206eda751
412,7zLcnirfgw1VEHHshuGcDR,Eddie Dee,Eddie Dee,437695,249.026188,1,17,23,https://i.scdn.co/image/ab67616d0000b2738f41487d9316d9cf87307959
413,29SeiO68HQHBs7pDdWOvvX,Jesús Adrián Romero,Jesús Adrián Romero,3356388,5291.955434,4,14,21,https://i.scdn.co/image/ab6761610000e5eb4375c6be9120788fd0d33959
414,2zF0KCQEt1O4Z9fWVUVi4T,Marcela Gandara,Marcela Gandara,1438828,1973.798398,4,15,17,https://i.scdn.co/image/ab6761610000e5ebcd641d42ef6d9f9c33e34e62
415,6vetaGijEBK3wfhtCUWRBS,Lilly Goodman,Lilly Goodman,1332835,2002.364781,4,12,17,https://i.scdn.co/image/ab6761610000e5ebe2d4af0f574f417083634d3e
416,6slyJwua5e5GuhuP82sTHR,Alex Campos,Alex Campos,1427454,13655.355491,4,33,56,https://i.scdn.co/image/ab6761610000e5ebfa943ac8eb39fcf83eb5642a
417,0UH4eoqwQgADwRoaKtEKc1,Abel Zavala,Abel Zavala,469172,0.0,4,2,3,https://i.scdn.co/image/ab6761610000e5eb2542f88573dc59f36adaa53d
418,3m5qlPf2OkihLz3dRYnkPA,Ovy On The Drums,Ovy On The Drums,159537,986.230852,3,13,14,https://i.scdn.co/image/ab6761610000e5eb4bb8dc84b665069642ed381e
419,4FeDV8T2wgjzYKBamSp7MG,Enrique Guzman,Enrique Guzman,467846,56.360106,5,7,10,https://i.scdn.co/image/ab67616d0000b273a18523f50067d4390dd86b97
420,132xFnGXTZoDfZWuMDE4tc,María León,María León,55751,394.742607,5,13,17,https://i.scdn.co/image/ab6761610000e5eb0839ae679be9a0067c1251d7
421,2eEmsgWmUFMbtU7agJpnjY,Miranda!,Miranda!,835413,3547.37007,5,28,34,https://i.scdn.co/image/ab6761610000e5eb9c7c6dc9d7ade38e819ca20b
422,4WOIfFwyvx22jM0eg2fpKv,Kinky,Kinky,464659,373.187542,3,10,9,https://i.scdn.co/image/ab6761610000e5eb0de6cd4c427eaff96120b571
423,2bimgkRmsxRhhuWsOnd5rz,Tercer Cielo,Tercer Cielo,1402687,1491.69526,4,12,13,https://i.scdn.co/image/ab6761610000e5ebd2b36358bf75e563b3ecd756
424,3NIZFmehJM8YiGpCdihlck,LA INDIA,LA INDIA,761314,3828.885849,5,19,24,https://i.scdn.co/image/ab6761610000e5eb252d4c6ef84e1efcd9825500
425,4vOycwLXdkMMzpZW04VW5m,Tito Nieves,Tito Nieves,1103918,1187.999344,5,15,16,https://i.scdn.co/image/ab6761610000e5eb75c86c08848892e3996655cb
426,0xf0KaVp6AMWgesiBh6fee,Musicologo Y Menes,Musicologo Y Menes,162843,684.990965,0,38,85,https://i.scdn.co/image/ab67616d0000b273276a312bc7aa404a9295cb70
427,63xFjf6Ww22O5gHrBP79G9,Marcela Morelo,Marcela Morelo,62462,301.03419,5,17,10,https://i.scdn.co/image/ab6761610000e5ebf384d79083e6d6dbc243e52e
428,5yoimVE1rbc3kAx4uwr7eq,León Gieco,León Gieco,234591,637.163283,5,23,22,https://i.scdn.co/image/ab6761610000e5ebd416a44868fd0c1467b10052
429,5Uox3n7m4W2CoM9MmHPJwQ,Delaossa,Delaossa,164713,1569.226131,2,24,25,https://i.scdn.co/image/ab6761610000e5eb844a5425369facf36685a3ab
430,5XsWrYhwadPBjW20qYbdZg,Moderatto,Moderatto,752644,1198.730257,3,8,23,https://i.scdn.co/image/ab6761610000e5eba2bb7c400bbdd36de742e9fc
431,7awyvLSthqOcL5A3hnR1pf,Alex Gargolas,Alex Gargolas,53856,71.947893,0,42,118,https://i.scdn.co/image/ab6761610000e5ebfdfceb6ce0e3685aaef60bc7
432,1AACxWCwNIa3ecOBQJnXRV,Nino Freestyle,Nino Freestyle,114525,277.52488,0,19,18,https://i.scdn.co/image/ab6761610000e5eba90c3f60fad4ffd03007c435
433,5YekZn3GGnPIURNA6RG124,Ana Torroja,Ana Torroja,590648,4857.0511,5,22,64,https://i.scdn.co/image/ab6761610000e5eb8b292ea605f0b366b81b66d5
434,6IE6z7DcZIT4Ml3Fh5Ivch,Selena,Selena,2846836,724.586293,0,5,8,https://i.scdn.co/image/ab6761610000e5eb2c4b4251247aa30c7b6de155
435,7p5DVejD1eXP8GO6clYQlE,Alvaro Torres,Alvaro Torres,245496,8.323676,5,3,3,https://i.scdn.co/image/ab6761610000e5eb88026d16cdb20899234a4eb5
436,4F4pp8NUW08JuXwnoxglpN,Bad Gyal,Bad Gyal,750208,1258.490725,3,11,251,https://i.scdn.co/image/ab6761610000e5eb6d2d0aa45aca13037f0b54bd
437,4kKaAWGdu6WW0W415RWaQA,South Park Mexican,South Park Mexican,751865,208.147462,2,13,8,https://i.scdn.co/image/ab6761610000e5eb7d1939bbae5aa20bf104034f
438,2gKYxTUOqw9aPt7ljMwSHT,Orishas,Orishas,421030,599.754852,1,12,13,https://i.scdn.co/image/ab6761610000e5eb53719f3b53a4ed3ec4829222
439,3lY9Fxceu60W1rbon7PkuF,Omar Montes,Omar Montes,429816,9964.126126,3,33,207,https://i.scdn.co/image/ab6761610000e5ebb482ef57eda2cd57e7661446
440,0GWdY55YF6xzN5L1A0X8nq,Pitizion,Pitizion,100869,1066.260032,1,9,55,https://i.scdn.co/image/ab6761610000e5eb5afcc391d8e3876040a109ed
441,7gR53ad9JjCweCv4f9MWEX,Eddy Lover,Eddy Lover,387524,361.125937,6,8,99,https://i.scdn.co/image/ab6761610000e5eb59ac817f9ff22a8faa678c4d
442,2AZOALDIBORfbzKTuliwdJ,Cristian Castro,Cristian Castro,2533521,1326.067387,5,15,14,https://i.scdn.co/image/45025bd1014527e8f113b22fa647da7a142c3d6c
443,3YHFRVdfHlJ98iAc50PIYk,Benny,Benny,253654,5810.039596,0,36,58,https://i.scdn.co/image/ab6761610000e5eba930ac00ac3eabc9de737522
444,1c22GXH30ijlOfXhfLz9Df,Elvis Crespo,Elvis Crespo,823766,3218.770026,5,31,37,https://i.scdn.co/image/ab6761610000e5ebf9cef9d3691a827de8f1cf3f
445,2GrNjfw23jqL1NTopPlc6c,Pedro Guerra,Pedro Guerra,168404,748.150295,5,17,30,https://i.scdn.co/image/ab6761610000e5eb7cce2a70d6ef089fb7973325
446,36KsCCwgI0Dep97yVJWmkK,Monsieur Periné,Monsieur Periné,515291,713.577524,5,12,13,https://i.scdn.co/image/ab6761610000e5ebaf1b90db208cf554c44b7ddc
447,6kaefrHSdAvxhhCVDFTCEL,Dulce María,Dulce María,666527,1026.193311,5,7,29,https://i.scdn.co/image/ab6761610000e5eb0ef534da716d886451374f17
448,4IjHltwoSKbUeZLPeULyDe,Nahuel Pennisi,Nahuel Pennisi,78282,214.623461,5,20,8,https://i.scdn.co/image/ab6761610000e5eb331fe3853209166a883c4c2d
449,2tY2GFdhH0Wa2VBvsxew5X,Alex Ubago,Alex Ubago,1873181,3737.689551,3,16,26,https://i.scdn.co/image/ab6761610000e5ebe39d6ee27ad7186cb9c6f4c3
450,4J0m1OquRGY8HYHxMocXfy,Bulin 47,Bulin 47,271179,191.224389,0,23,75,https://i.scdn.co/image/ab6761610000e5eb5c86b4939130923027399156
451,6NAhbfEqeWELwfjH391Vz0,Bulova,Bulova,131083,499.670686,0,28,51,https://i.scdn.co/image/ab6761610000e5eb2ded1511978619168d08f677
452,3vxYNXtM9uOMdRAXTXgtmf,Yung Sarria,Yung Sarria,78767,126.954571,2,19,25,https://i.scdn.co/image/ab6761610000e5eb4362ad079d85534961a1d1d2
453,12lHTAdc9T204lw5qPtasv,Foreign Teck,Foreign Teck,7319,0.315909,0,7,8,https://i.scdn.co/image/ab6761610000e5eb54ab334a203e461238a46c7e
454,7fT2Me47PQ8T7954PKrcwR,Bhavi,Bhavi,936608,2088.068316,2,30,42,https://i.scdn.co/image/ab6761610000e5eb851ae4ad6527c02b397337a4
455,0LALueHEQunQ2d61fXGeZh,Diego Torres,Diego Torres,1717040,2857.987978,5,36,54,https://i.scdn.co/image/ab6761610000e5eb3ec801ef6e66aae17694426c
456,3JkgQ8Jjwt2mkeOsg5yhqh,Alexander Acha,Alexander Acha,516045,22.042285,5,5,7,https://i.scdn.co/image/ab6761610000e5ebcc18f69ac9b9fac37e4577bf
457,0wn2qDKzeFlhjRUtJAwJjp,Bandalos Chinos,Bandalos Chinos,207271,390.948773,5,8,10,https://i.scdn.co/image/ab6761610000e5eb1a216112e18ad8f5e2adf755
458,6i3DxIlAqnDkwELLw4aVrx,Lele Pons,Lele Pons,1097821,35.578613,3,9,146,https://i.scdn.co/image/ab6761610000e5eb99cbf685383bb1d6db59b056
459,6ESkuwldylZr39AIAPC63J,Alejandro Lerner,Alejandro Lerner,293846,654.264796,5,18,12,https://i.scdn.co/image/ab6761610000e5eb0dbbb2b8c4424c818c0106a4
460,1dpnxi6xgoB2kaRYnnoatZ,Miguel Ríos,Miguel Ríos,209849,2594.281232,5,11,11,https://i.scdn.co/image/ab6761610000e5ebe44524680238d97bffb950b2
461,7thnnayFyJnVOAJrpe5wMC,Mikel Erentxun,Mikel Erentxun,121815,38.14051,5,5,8,https://i.scdn.co/image/ab6761610000e5ebea981967e55358368dc4176a
462,6qhOH2mrlqUDod9sWA5kR2,Leo Dan,Leo Dan,2089641,1035.049621,3,18,18,https://i.scdn.co/image/ab6761610000e5ebf4ec89abadc41dbee74502b0
463,3v8mFhjLFa50QK8zDvAMYN,Amanda Miguel,Amanda Miguel,1309564,39.143474,5,6,58,https://i.scdn.co/image/ab6761610000e5eb37d67502e4f37ac2fc79af69
464,2UFqwY8A3PLcx8pAkg9g5P,Diego Verdaguer,Diego Verdaguer,1021905,1427.471175,5,8,56,https://i.scdn.co/image/ab6761610000e5eb352069799c0013b73c8836df
465,13wFTN72PGSUxzEHJP5Ljs,Los Caligaris,Los Caligaris,876274,201.683984,5,22,14,https://i.scdn.co/image/ab6761610000e5eb4c71da827b931079b3bc664c
466,6gvh8pQI316iafbHiT7B3y,Daniela Romo,Daniela Romo,834490,247.848512,5,9,9,https://i.scdn.co/image/ab6761610000e5eb14ddb86dcb0887b8479b4c86
467,23herDudxPBB3S81GB5uG3,Alizzz,Alizzz,51264,586.566015,3,5,13,https://i.scdn.co/image/ab6761610000e5eb4e2ab3385f5660edc634e8c2
468,5o7fmoqHl79fzoCzeApdxm,Sticky M.A.,Sticky M.A.,104770,2783.248844,2,17,21,https://i.scdn.co/image/ab6761610000e5ebdb71fc810458b08fcff9938f
469,6J6yx1t3nwIDyPXk5xa7O8,Vetusta Morla,Vetusta Morla,656389,65.770783,5,4,4,https://i.scdn.co/image/ab6761610000e5ebe1505788450cae47fb199051
470,4rriNpL1lxpoysDDctWgl3,Jesse Baez,Jesse Baez,115201,1864.138145,2,13,37,https://i.scdn.co/image/ab6761610000e5eba311e0127e3b05963523cd58
471,3SCOuAxngTC1yGjKMcIPEd,Lasso,Lasso,335629,466.789455,5,9,25,https://i.scdn.co/image/ab6761610000e5ebaad998c3d8ff77f2b90b66e7
472,1QhaqxeqF9sipS2gwbEKpu,C-Kan,C-Kan,2020134,3533.099928,2,17,17,https://i.scdn.co/image/ab6761610000e5eb334c841c9a00210607162078
473,66RfYVdftqnuHRicyClgL0,Dharius,Dharius,1537409,0.0,2,3,5,https://i.scdn.co/image/ab6761610000e5ebfa68f9b68ee4427226d071bb
474,3cuVSUrq0yoSSP7gpvI6q1,MC Magic,MC Magic,283101,56.343245,2,19,10,https://i.scdn.co/image/ab6761610000e5eb422690f36b04c8d9d89bfd53
475,30BSBWLKnYJION1lCPugXc,Santa RM,Santa RM,529253,677.211536,2,7,8,https://i.scdn.co/image/ab6761610000e5ebc0fe1ea17cee816cac70a9a4
476,6uFTGm4t8Z6tXyCm22sLQM,Fyahbwoy,Fyahbwoy,105626,1805.997905,2,20,17,https://i.scdn.co/image/ab6761610000e5eb503364ed8665d3fe3618493f
477,19IsMFpELM7g2UDuwDlZvU,Motel,Motel,193635,44.766318,5,4,4,https://i.scdn.co/image/ab6761610000e5ebd615f1db067d879c53e4d000
478,3mXI2gpwWnNO9qbQG3n3EP,Lila Downs,Lila Downs,374049,2538.802559,5,24,43,https://i.scdn.co/image/ab6761610000e5eb5341360a8dfbde93f727e747
479,40JMTpVRUw90SrN4pFA6Mz,Ana Tijoux,Ana Tijoux,382578,409.742714,5,9,18,https://i.scdn.co/image/ab6761610000e5eb7be991bac65c54b186e5f608
480,3sc8HnadkPW5YaIGbCljw4,El Roockie,El Roockie,157099,650.681788,0,15,31,https://i.scdn.co/image/ab6761610000e5eb17b8e98f5176fe2fc40e6893
481,1KfBKoozFugeT1PBkz33xl,Charlie Zaa,Charlie Zaa,147728,260.80858,5,8,7,https://i.scdn.co/image/ab6761610000e5ebe7da92a77c738f31fafcaeb2
482,5wx70QuZtxRUIIYek3RSaV,Carolina Ross,Carolina Ross,371316,5.031153,0,2,3,https://i.scdn.co/image/ab6761610000e5eb4963f8157e013589e9524e1b
483,2SNfNJDsahTSVFwgxposF5,Soge Culebra,Soge Culebra,209013,3377.253582,3,12,6,https://i.scdn.co/image/ab6761610000e5eb61328abb2bc8ac15bbccc8fd
484,6ZZ2DeepA3GpoGU4KwqSlU,Luciano Pereyra,Luciano Pereyra,1818592,980.684211,1,15,32,https://i.scdn.co/image/ab6761610000e5eb501452b1e16776dba96b5cde
485,4ZDoy7AWNgQVmX7T0u0B1j,No Te Va Gustar,No Te Va Gustar,1827278,204.028364,5,10,9,https://i.scdn.co/image/ab6761610000e5ebfa902c2fd91243e63cdd2a78
486,3jO7X5KupvwmWTHGtHgcgo,Charly García,Charly García,1274868,163.292412,5,14,29,https://i.scdn.co/image/ab6761610000e5ebd25ab3ee01527706a3b47cc6
487,4Sm7JCttzWMwHJtb3UJ8SY,Mocedades,Mocedades,561778,514.853323,5,12,24,https://i.scdn.co/image/ab6761610000e5ebf1f84eda0a59383aedc5bcbc
488,0WZOmdnCln6FK6GM9e2tGm,Redimi2,Redimi2,1813034,10116.142996,4,33,76,https://i.scdn.co/image/ab6761610000e5ebf44e0586f36d65e94fce58e8
489,6JaSyvyg28SHC0Of8YE6M9,Christine D'Clario,Christine D'Clario,1060204,170.174479,4,16,29,https://i.scdn.co/image/ab6761610000e5ebf01742d97f34461881909634
490,4vEpUOtKWtpotWkuv0Vlx4,Evan Craft,Evan Craft,526244,3093.916709,4,25,52,https://i.scdn.co/image/ab6761610000e5ebd8a5198cbe70d810c355f343
491,2IzxJqK9NbSIdw7rQVW03P,Barak,Barak,680477,125.889421,4,11,25,https://i.scdn.co/image/ab6761610000e5eb253d2a92e2bb5b02549d99c3
492,5O46r5EwzdUL8RR1aM6yU2,Julio Melgar,Julio Melgar,831786,151.566095,4,9,11,https://i.scdn.co/image/ab6761610000e5eb3a57bdf290ec2f3aece27b78
493,0WI8OfWCRvK4nGHmKfFQmd,Alex Zurdo,Alex Zurdo,1265959,7070.325585,4,31,75,https://i.scdn.co/image/ab6761610000e5eb6deee7c4105996919bf18328
494,7zpvy5B9gb5KprNUzNCOEE,Miel San Marcos,Miel San Marcos,1259895,1963.789136,4,23,35,https://i.scdn.co/image/ab6761610000e5eb7bb4da448e2d6b43fed13202
495,4B4YYJ0BAYBK86yxqQV7mu,Funky,Funky,606009,3542.802029,4,15,42,https://i.scdn.co/image/ab6761610000e5eb80f359f2d407f3932a76f6e9
496,7cLoxFihGCVL3s1K3xHK4I,Marcos Brunet,Marcos Brunet,513738,1373.796538,4,15,62,https://i.scdn.co/image/ab6761610000e5eb250cfe433ccc4b8bc3d0b279
497,3ECxfxbxwRMTXdy1I5HWJq,Annette Moreno,Annette Moreno,263292,1536.537678,4,8,13,https://i.scdn.co/image/ab6761610000e5eb80a0f763405229a603ace592
498,3e6e7N2fMD8rtk2PBVyMkm,Danny Berrios,Danny Berrios,386048,0.0,4,4,2,https://i.scdn.co/image/ab6761610000e5eb185566687dae757ae25bc6e6
499,1OUDQLymoysITxprkd0Qvj,Coti,Coti,250928,1590.268933,5,17,40,https://i.scdn.co/image/ab6761610000e5ebe8e83b53e2b7a1cbff94f54a
500,0PbO1lSBsJPgyqdEypJJVb,Dyango,Dyango,768073,420.164332,5,4,7,https://i.scdn.co/image/ab6761610000e5ebe903b825e2e5b42ad7db38a6
501,6ZvYYrrfpb1Z7kICDyxWQE,DEKKO,DEKKO,360379,26.005248,3,5,5,https://i.scdn.co/image/ab6761610000e5eb4a4ca27e5aaeaa355e140c86
502,3zPWcnruZBNnrd22uS8UBy,Jorge Villamizar,Jorge Villamizar,93848,98.159144,5,6,8,https://i.scdn.co/image/4833a756522ab5e5c18729b98fa57331e7f8ceb2
503,6LZA6PhNCwUfHzqfpN1nYL,Angela Torres,Angela Torres,128075,945.045645,0,8,7,https://i.scdn.co/image/ab6761610000e5eb24271941ac4106f06716ae26
504,2XVoz4hoXgQ3C2BTGxl9V2,Juan Ingaramo,Juan Ingaramo,61886,1289.300919,5,19,11,https://i.scdn.co/image/ab6761610000e5ebc3d1f122463ed158d7bf034b
505,5x3mrCTZmkoTXURN7pWdGN,Los Amigos Invisibles,Los Amigos Invisibles,372501,335.067203,5,9,8,https://i.scdn.co/image/ab6761610000e5eb9c1cc3fc8f082bb7146a4165
506,1fHGzTSloWCtrlKfbLNVhM,Gepe,Gepe,319710,11.560554,5,5,7,https://i.scdn.co/image/ab6761610000e5eb438213ab2fd7ab3065aefee3
507,7FnZWGw9lwOr7WzieTKEPR,Los Pericos,Los Pericos,1124758,1911.202664,5,11,10,https://i.scdn.co/image/ab6761610000e5ebf3efa8b0813cab869845dde2
508,2ydE5oBt6cwsDxH1TpIFmO,Los Nocheros,Los Nocheros,492488,588.930338,5,13,14,https://i.scdn.co/image/ab6761610000e5ebf632ef29aa1cff9e8a723cca
509,6Itjwvv5YmsC8ZcI5N4Jux,Sael,Sael,27338,1415.892491,0,19,19,https://i.scdn.co/image/ab6761610000e5ebcb7f584dba6d09a0120103c1
510,7mXfsy3lF4kU0f2KTNKSr8,Corina Smith,Corina Smith,141952,64.76252,0,16,17,https://i.scdn.co/image/ab6761610000e5eb44e8e4bc1f4de805a806cf0c
511,0UTsdD7VIsEB9i7a6DDx5t,Lapiz Conciente,Lapiz Conciente,250601,1295.793391,0,19,28,https://i.scdn.co/image/ab6761610000e5eb62b108db4f058e282208abd3
512,4L5SLCIDWPPNGzrLraYCOS,Grupo Extra,Grupo Extra,150043,395.029326,3,8,9,https://i.scdn.co/image/ab6761610000e5ebdbb516507b98726f2ae64033
513,30HlKUFTsqlFQsPfyv2yuM,Danny Romero,Danny Romero,387472,468.519309,3,14,25,https://i.scdn.co/image/ab6761610000e5eb2b3463affd2ae7731f92936c
514,3smfreCkyJt7bShaTYpG77,Carlos Baute,Carlos Baute,1681357,373.817604,3,14,30,https://i.scdn.co/image/ab6761610000e5eb34b622aa23d008f8c59e92d6
515,12PSlydMSjEHzSCj9X5qv7,Baby Bash,Baby Bash,788905,4526.317733,2,30,20,https://i.scdn.co/image/ab6761610000e5eb0feee74aea6c89ebaae3913e
516,4d3kmfoZBTuUPSUjgP45uo,Lérica,Lérica,68059,408.732107,3,16,146,https://i.scdn.co/image/ab6761610000e5ebce4d1d7eab65a93569a2886b
517,6XmHtVhgpE33VHFEp2V1P8,Playa Limbo,Playa Limbo,1593860,26.816687,5,4,3,https://i.scdn.co/image/ab6761610000e5eb7b7fe72f6aca6536a198dd8a
518,7E7CVSqFdLyh0K4AE9uTMo,Pimpinela,Pimpinela,1594385,633.266721,5,5,7,https://i.scdn.co/image/ab6761610000e5ebfb7429e08829bf1ab3e5887f
519,1tZ99AnqyjgrmPwLfGU5eo,Fito y Fitipaldis,Fito y Fitipaldis,1581242,28.22821,5,3,34,https://i.scdn.co/image/ab6761610000e5ebd5ed89f6dd4961b5442ea527
520,5oYHL2SijkMY52gKIhYJNb,Elefante,Elefante,1543658,264.392975,1,9,6,https://i.scdn.co/image/ab6761610000e5eba40f5812b577a0528b459e70
521,6genEcweKnEZ92TZvdeLFl,Edgar Oceransky,Edgar Oceransky,154291,1013.551967,5,10,18,https://i.scdn.co/image/ab6761610000e5ebd6c80b9b4e82d421a3064802
522,2Ax9wZpdlg4r2zkc3pcI8U,La Unión,La Unión,450107,2156.452138,5,3,4,https://i.scdn.co/image/ab6761610000e5ebf05521f1166e353bf77ba193
523,4frBEXn8nhWzOVwfCSpuYB,Fer Palacio,Fer Palacio,1487418,242.550439,2,7,4,https://i.scdn.co/image/ab6761610000e5eb300868ffcd048a9db0a27f84
524,1mux8L6xg2Cmrc7k0wQczl,Bacilos,Bacilos,1484989,360.363192,3,3,5,https://i.scdn.co/image/ab6761610000e5eb2297c714549631dbd9a24024
525,2OnKRchqP7tT0FzTvWIFI7,Wolfine,Wolfine,1455381,2.395456,0,4,10,https://i.scdn.co/image/ab6761610000e5eb96b5ff74160fe7fcc9eb930a
526,4x7kxyIgzgtrHYDQ8SCzo2,Marcos Witt,Marcos Witt,1380839,1362.946549,4,19,24,https://i.scdn.co/image/ab6761610000e5eb34658e9a3990bf613d91aa6e
527,4yNdrUaF54csrLixVTnqzC,Eddy Herrera,Eddy Herrera,419025,49.786745,4,8,6,https://i.scdn.co/image/ab6761610000e5ebe557da8cf5d56882ade536f8
528,4DeiqSO9kyWDr1KuQTYMVg,Seth Condrey,Seth Condrey,66884,275.047494,4,5,8,https://i.scdn.co/image/ab6761610000e5eb88b8f6bd49ca72b8911226f4
529,2gaFnEQydJdWNkT17NLZm3,Su Presencia,Su Presencia,212410,0.0,4,6,15,https://i.scdn.co/image/ab6761610000e5ebfaa8671beb22a5730ba17dbc
530,5ovBCDCRU118CMxJ1KpAOw,Essential Worship,Essential Worship,19484,90.808692,4,6,15,https://i.scdn.co/image/ab6761610000e5eb9d2740b47534b3e9d56cca38
531,2fC8dVxeS2bsfIDvFj1M4V,Christian Daniel,Christian Daniel,75648,459.634707,1,8,10,https://i.scdn.co/image/ab6761610000e5ebfbeeda33c888b90e703dca19
532,0TeVa4xdLB8vdzjsvKH6Ri,Anahí,Anahí,662214,32.901713,1,3,10,https://i.scdn.co/image/ab6761610000e5ebb31cb9358fdf9e534c01b648
533,3HgZDevp7GspkLUAa5cKne,El Tri,El Tri,1390002,251.261693,1,11,10,https://i.scdn.co/image/ab6761610000e5eb666c2282d0066e21081958f2
534,01p7Homi0d4XxZ06f2NYYD,La Sonora Matancera,La Sonora Matancera,190286,107.56032,5,5,71,https://i.scdn.co/image/ab6761610000e5eba3e45a4d54d08113f2f23f1f
535,4UGA0TDpRVVt2SCz8FZOMm,Un Corazón,Un Corazón,378811,1698.158339,4,14,39,https://i.scdn.co/image/ab6761610000e5eb235ec16bcc7e7c6cc2fde7be
536,2a48vLoCcVkOMcCSqXreOF,Danilo Montero,Danilo Montero,827856,3024.467298,4,18,32,https://i.scdn.co/image/ab6761610000e5eb2ba4caf7937022f2c9cf683c
537,4VYSLPSI9yb8qkUpKyVQSJ,Marco Barrientos,Marco Barrientos,1258206,693.100762,4,16,31,https://i.scdn.co/image/ab6761610000e5ebf2bee20999e4cab02ea35c5b
538,6gm3ZEpugRTHbtEn3A6Siw,Johnny Prez,Johnny Prez,147677,7.928081,1,12,14,https://i.scdn.co/image/ab67616d0000b2738f585a4902702e7d98c903d3
539,5GNSVtCq2hiXDx7jUA5Iou,ChiChi Peralta,ChiChi Peralta,532899,736.887031,4,3,4,https://i.scdn.co/image/ab6761610000e5ebaa564bb7b4fd1c25df0bb051
540,0zgFL90nGTrH2iOMD8Vysy,Sabino,Sabino,588443,1314.944652,5,11,10,https://i.scdn.co/image/ab6761610000e5ebbf875e09c8aeacc86a9d267f
541,0OltT51j3hIkgaDJqqPzDn,Nicola Cruz,Nicola Cruz,310007,590.171259,5,9,5,https://i.scdn.co/image/ab6761610000e5eb2733b3485f1950bd7874fff6
542,5zaT4Qu9otu6z4oyWjRqM2,OV7,OV7,1309826,921.868992,5,19,80,https://i.scdn.co/image/ab6761610000e5eb37ffec129463fc86d584a00a
543,61hAcjvvUS6EXMpeeHwaDi,Kabah,Kabah,782647,573.353919,5,12,65,https://i.scdn.co/image/ab6761610000e5eb60be36baf412f01c6c745c67
544,3uC20p2EoNm5LYtzSVWdkL,Fey,Fey,1024388,42.263206,5,11,24,https://i.scdn.co/image/ab6761610000e5eb250f5cfa668189c95b65a556
545,2Qm12OdHFDHSpWhBMpO16L,Calo,Calo,367632,491.050257,5,14,104,https://i.scdn.co/image/ab6761610000e5ebb60db9dab1687c34b4b40ee8
546,55n0yLUMpJbCd20oPNRbo6,The Sacados,The Sacados,114234,9.694382,5,11,21,https://i.scdn.co/image/ab6761610000e5eba56b7acff63d89a8c9fa92a7
547,5v287QKYZ7Dyuw4CNzv89p,Magneto,Magneto,866004,1274.385018,5,16,39,https://i.scdn.co/image/ab67616d0000b273e415825edc259f350d02a044
548,5R6YR0pasdxlynyq0Abq7x,Fabiana Cantilo,Fabiana Cantilo,340340,35.701037,5,11,7,https://i.scdn.co/image/ab6761610000e5eb413085500ee8cb0fd339667f
549,1MuQ2m2tg7naeRGAOxYZer,Luis Alberto Spinetta,Luis Alberto Spinetta,686565,89.511818,5,14,18,https://i.scdn.co/image/ab6761610000e5ebe1988a1a730ae50728967a16
550,2FFrhWZS9vJsh2UvxYPRr6,Pedro Aznar,Pedro Aznar,290575,776.630828,5,17,29,https://i.scdn.co/image/ab6761610000e5ebad85dd3f57f08a11a1723886
551,2TkDdk47FGnvxcjQGDdPd0,Kike Pavón,Kike Pavón,294574,217.305986,4,16,18,https://i.scdn.co/image/ab6761610000e5eba8ce5015814ae30e2bc2f7c6
552,17XxPdvl2MD39MnT9zhNjU,Samuel Hernández,Samuel Hernández,445125,11.028683,4,9,9,https://i.scdn.co/image/ab6761610000e5eb4f6dd6464db94eebea3e6ca3
553,4A03xFVufDpEqOY9fQlFue,Musiko,Musiko,157886,1499.002929,4,18,19,https://i.scdn.co/image/ab6761610000e5eb390d1267834fd52088a65c26
554,5pyTY6jmdDNfKmmlo92Vfd,Lead,Lead,102082,79.736215,4,12,21,https://i.scdn.co/image/ab6761610000e5ebc027a1974e311fca5e3db808
555,7i1CyQ1fogh4bkj3EPj3ls,Girl Ultra,Girl Ultra,111737,490.420201,5,7,8,https://i.scdn.co/image/ab6761610000e5eb317a94a2d9ea36392aab27cc
556,3oNy8cjBtJzLC07I70sklp,Belanova,Belanova,993805,97.396919,5,2,2,https://i.scdn.co/image/ab6761610000e5eb5f98bb5a9eb2fedee9e424ee
557,4EzD52bDFGZTEeEucKHtDs,Sergio Vargas,Sergio Vargas,348177,59.863251,5,5,16,https://i.scdn.co/image/ab6761610000e5eb27e6a2eaa83d01d463a360a8
558,3Yg61bt7pZYX1bbMXEj8oY,Tony Vega,Tony Vega,736793,78.843501,5,12,6,https://i.scdn.co/image/ab6761610000e5ebed44e1dbc10caa73dd9e98da
559,5lYeiQxUTcGKVgAuTqbTeL,Charles Ans,Charles Ans,1180330,2095.693963,5,13,17,https://i.scdn.co/image/ab6761610000e5eb9f5d7a4538c195c7dad2a6ca
560,7bWN0FHvLppK8ozEH6exdi,M2H,M2H,139659,979.220537,2,8,10,https://i.scdn.co/image/ab6761610000e5ebabd850e94d66e6f6ad1665e8
561,6viZnVSHavFUcW0blu6Mvw,Simpson Ahuevo,Simpson Ahuevo,238553,57.101761,5,5,4,https://i.scdn.co/image/ab6761610000e5eb652105f5416e555ae600665f
562,4nSgEvZncnC5oNPVrtwnLd,Gondwana,Gondwana,984300,154.817778,5,3,3,https://i.scdn.co/image/ab6761610000e5eb55518414c69d41fbc253849e
563,2BTS8Np1YzPQuXjgdlqsBB,Emanero,Emanero,57547,1457.101193,2,9,14,https://i.scdn.co/image/ab6761610000e5eb9c290f00e6d4a6355c35fde1
564,2KxjMGXFgX1vt9grpbD3xI,Dvicio,Dvicio,1035828,294.840241,3,12,22,https://i.scdn.co/image/ab6761610000e5ebf200f3431af03c6dc230d806
565,4sGC7K2rSpWrWudBgYPMce,Joe Vasconcellos,Joe Vasconcellos,263624,946.262086,5,5,5,https://i.scdn.co/image/ab6761610000e5eb48d33d30e70e06f25da3d76a
566,3qiQUUvazYmo7tBgQeb2rf,Moonkey,Moonkey,85641,797.425085,2,19,16,https://i.scdn.co/image/ab6761610000e5ebb8e29f2dcafd7434ef2dd215
567,4bWHA8fMNjzfGPQqnh5D6y,Recycled J,Recycled J,183514,774.04577,2,23,128,https://i.scdn.co/image/ab6761610000e5ebee80e52eb54b96b9fca7d6f0
568,1m9WPOccw8sizsVYUhSVjZ,Selecta,Selecta,14712,527.904103,2,14,90,https://i.scdn.co/image/ab6761610000e5ebffa6401dd333800cfb9826ba
569,16M8fuShcwX8uBDdmFZH9B,Israel B,Israel B,46256,4161.615546,2,31,43,https://i.scdn.co/image/ab6761610000e5eb0083d40b34a43a129ece4569
570,5Q2fyL2TcdUY9IqKTkGk5G,Bardero$,Bardero$,294384,70.449401,2,14,23,https://i.scdn.co/image/ab6761610000e5eb580d5ad9b1314a75481a2132
571,7x6XYw3yCC67Pizi4o0wvZ,Sergio Dalma,Sergio Dalma,695371,0.0,5,3,3,https://i.scdn.co/image/ab6761610000e5eba29b51a76dea896c5ef258db
572,0NnUMWDCDi1snuMja6IdxH,Harry Nach,Harry Nach,202781,406.868042,1,13,26,https://i.scdn.co/image/ab6761610000e5eb8daed617f11b7b3e2b4063a6
573,4kcQWQDK0u9AftVSpdrAgk,Luck Ra,Luck Ra,247504,208.022123,2,12,7,https://i.scdn.co/image/ab6761610000e5eb3fca8f811d58764d010d4408
574,5Rj6rNR8zIlUUDCs1OyPmW,MYA,MYA,468864,1275.127966,2,17,29,https://i.scdn.co/image/ab6761610000e5eb3e748a80dfef04c3494af36a
575,2Otnykd696YidQYfEGVmNq,Vicente Garcia,Vicente Garcia,382100,60.332256,5,7,11,https://i.scdn.co/image/ab6761610000e5eb80a6da5c611ee9eca093619b
576,5nKGeITSNCVP76muyOlszy,Elsa y Elmar,Elsa y Elmar,147431,546.477495,5,8,11,https://i.scdn.co/image/ab6761610000e5ebaaabfca7099907a0aeee3715
577,3QmmtMrEf7aQrsd1VtejAV,Mœnia,Mœnia,725418,118.710583,5,9,19,https://i.scdn.co/image/ab6761610000e5ebc473dd95b0b810f91cb75385
578,1xJAOe5igcfHGUbMHxsTBq,Sentidos Opuestos,Sentidos Opuestos,864169,541.75394,5,9,24,https://i.scdn.co/image/2ee3ae6ea81fcc0aae6c375fa01fe00f869ec145
579,3m6N2XBSZqfkujRvGYcdi8,Chusterfield,Chusterfield,26375,87.434268,2,8,2,https://i.scdn.co/image/ab6761610000e5eb40880affeeb9d0bae62493a3
580,0cEa9u1e3cDLXCZxxiuEmi,Majo y Dan,Majo y Dan,236070,83.899056,4,7,9,https://i.scdn.co/image/ab6761610000e5ebe702ffe971d8019d8fe07e88
581,7esCoLcCoCK7FPa9casAH4,Alex Bueno,Alex Bueno,213881,725.652311,5,4,12,https://i.scdn.co/image/ab6761610000e5eb22e25fa06d149d50de39ec86
582,1hMa6SwU2t8eUEETAAbk9z,Ilegales,Ilegales,125392,1101.623433,5,9,7,https://i.scdn.co/image/ab6761610000e5ebebb2720d06e7d5e621665f6a
583,40FzPNKgu0k9VMvvidiKCl,Los Hermanos Rosario,Los Hermanos Rosario,236885,859.093559,5,6,36,https://i.scdn.co/image/ab67616d0000b273733ee7a8bc790007746e0255
584,3MqjsWDLhq8SyY6N3PE8yW,Aterciopelados,Aterciopelados,681905,162.053986,5,8,9,https://i.scdn.co/image/ab6761610000e5ebe564d1c9b3aa9f696874deab
585,0mdD8YXAyJDJ2BHxIKF0Yf,Raly Barrionuevo,Raly Barrionuevo,163919,688.378587,5,17,5,https://i.scdn.co/image/ab6761610000e5eb45734b8dc5c3fe7071400852
586,1rTUwYS38LkQTlT2fhikch,Yung Beef,Yung Beef,313586,2041.715011,2,47,60,https://i.scdn.co/image/ab6761610000e5eb5ce6494340213ddf1642bbf3
587,6hYxQDiGct9yfRlSEv3F8a,Simon la Letra,Simon la Letra,100767,0.0,2,2,3,https://i.scdn.co/image/ab6761610000e5eb11a9bbad96cf27a988494936
588,0nqpXa8bkBlWgS9FKhNCuj,Golpe a Golpe,Golpe a Golpe,402035,25.693943,0,10,12,https://i.scdn.co/image/ab6761610000e5eb598c78b1ba472bc722d97d78
589,6ZtLRqHEkAXPWVw0eRbDac,Jeeiph,Jeeiph,195835,67.045899,0,13,133,https://i.scdn.co/image/ab6761610000e5ebaffb1ff4c5c90d1bcbff3023
590,6L3x3if9RVimruryD9LoFb,King Lil G,King Lil G,393372,0.0,2,9,3,https://i.scdn.co/image/ab6761610000e5eb607aabc9bcd03dd778339a6f
591,2CCgb0KApjfQDuTppovpf8,Rvfv,Rvfv,281449,698.95931,3,14,16,https://i.scdn.co/image/ab6761610000e5ebe5a07f5f18128eaae12f8756
592,66ArjpKRgw8vYBf9yhktto,Nach,Nach,770361,1764.77785,1,42,208,https://i.scdn.co/image/ab6761610000e5ebebefb385e141777c485dc3d6
593,43Hr2FjhVehkROIIEb7EfQ,Ms Nina,Ms Nina,140433,216.284749,2,6,6,https://i.scdn.co/image/ab6761610000e5ebb3e53c9c2e17c0a47fee74a2
594,1QJbbsxg2wqidJj51d3otw,Natos y Waor,Natos y Waor,674953,847.389512,2,22,35,https://i.scdn.co/image/ab6761610000e5eb3d8e0e040f1d046fa7d8f875
595,2w1wJcGdJQ4Lw08oKBnDsw,El Jincho,El Jincho,247085,2612.893142,0,24,22,https://i.scdn.co/image/ab6761610000e5eb3051862ced0a6ac8147304fc
596,0fwnNjAay5ZHP5bAd63g8Y,Denom,Denom,120514,3362.054995,2,29,23,https://i.scdn.co/image/ab6761610000e5ebd7dd523af756459095840b3e
597,4FActBvkmDc8h3sI5vbMPZ,Blasfem,Blasfem,6255,1258.322669,2,17,60,https://i.scdn.co/image/ab6761610000e5eb7685f5bc4eca2c64386705af
598,7eH1UUCyxL8Wf9PztvvPJ6,Arce,Arce,294647,1009.665276,2,9,12,https://i.scdn.co/image/ab6761610000e5eb12a46f4c57418cbea452e729
599,6ZYIXbXuZWooEUSJlRtew2,Dulce,Dulce,390098,0.0,5,5,24,https://i.scdn.co/image/ab6761610000e5eb83062cb14b0e115214b33748
600,5p1ARDx76hnOXoeigLIKit,Little Jesus,Little Jesus,335601,417.235317,5,9,12,https://i.scdn.co/image/ab6761610000e5eb2a66fdf279aedbf27c5a25a2
601,5UopXhshFFqRIMfeZrBclq,Ceky Viciny,Ceky Viciny,135534,536.636355,0,30,107,https://i.scdn.co/image/ab6761610000e5ebb6473287eab59c6a40d93e84
602,2ECP3nWC88LaFz4oQzTo3Z,Café Quijano,Café Quijano,343392,103.129607,5,7,13,https://i.scdn.co/image/ab6761610000e5eb266adcf7df7ca201e8a529c7
603,2VSRhqonKsL7KRAIk8SMmt,Daniela Spalla,Daniela Spalla,111970,221.713529,5,6,22,https://i.scdn.co/image/ab6761610000e5ebdb7d7b4dc5392421f524d0e2
604,4zbqGb99bANxJBsvwRr2zT,Flans,Flans,604859,9.747851,5,2,3,https://i.scdn.co/image/ab6761610000e5eb3843a6259038f25fe8ffab1f
605,6HqgxkTt9KGyt27zYrwVan,Super Yei,Super Yei,354562,30.978335,0,26,77,https://i.scdn.co/image/ab6761610000e5eb7e8750c1d60323f205d8f76d
606,56n1NeXsTOOxjX3Z4lVMTJ,SFDK,SFDK,584143,1161.236519,2,22,17,https://i.scdn.co/image/ab6761610000e5eb3ab473e158510f75261428bf
607,2OnH4HpywAxWkSOEsyjdjn,Morodo,Morodo,421772,107.961913,2,18,5,https://i.scdn.co/image/ab6761610000e5eb8a54616a29cd1dce3a86d19c
608,451DVjaBuGYfvDfvG9MxaG,Rapsusklei,Rapsusklei,309252,3132.351056,2,19,21,https://i.scdn.co/image/ab6761610000e5eb6b615e13073a7fe9cf9dad64
609,224rbIjYbXaTI7lnP2ZMNJ,ToteKing,ToteKing,237285,3344.047688,2,38,19,https://i.scdn.co/image/ab6761610000e5eb31642a0655a8b2f2ef4fc4fe
610,1v7iZcyrm4fHfsEBiseomy,Green Valley,Green Valley,250651,2196.802271,2,18,16,https://i.scdn.co/image/ab6761610000e5ebff7a079673aa618e4f1204de
611,4rvJ0Ktz2X2Erea9XUHxfu,Pepe : Vizio,Pepe : Vizio,28590,240.568531,2,14,16,https://i.scdn.co/image/ab6761610000e5ebd92cb89afa84ad8cb9ef9516
612,7LHU5Uga349zOVMpDPf4ij,LOWLIGHT,LOWLIGHT,10589,388.713723,2,17,33,https://i.scdn.co/image/ab6761610000e5eb3efd994347efdc898a842a88
613,5Ypafuz95Xk09YDf4tgAvU,Ayax y Prok,Ayax y Prok,562657,492.691758,2,17,66,https://i.scdn.co/image/ab6761610000e5eb67eaffb24432f1aa989b511c
614,2544NCTfffschCn1NZVMSb,Dollar Selmouni,Dollar Selmouni,66919,790.34446,2,15,22,https://i.scdn.co/image/ab6761610000e5ebb208a0cf6455d71a7d278d2f
615,1F2erLLqRHbaFvEYHeVIHJ,Foyone,Foyone,156956,2861.293817,2,32,40,https://i.scdn.co/image/ab6761610000e5eb794a45abaa6f17fd4684808c
616,79N4S7UXdjo2fAh3OHJQuB,Hard GZ,Hard GZ,207290,450.097931,2,20,75,https://i.scdn.co/image/ab6761610000e5eb2769861cbc7ec4e152ecb672
617,5JcO3FHEBbWTQMUHmWtU2g,Juancho Marqués,Juancho Marqués,138165,118.901628,2,25,9,https://i.scdn.co/image/ab6761610000e5ebdfff170c8f96424c07ff7172
618,4oNsvVnFz4HQ0UPpPFSuJX,Easy-S,Easy-S,43852,124.239686,2,14,20,https://i.scdn.co/image/ab6761610000e5eb4460dc0edaa88139a97c1694
619,2miffAnnUvKSyB9ykA2su9,Living,Living,70550,0.0,4,4,4,https://i.scdn.co/image/ab6761610000e5ebf16ab03b6cd16365b6c5ee13
620,5R3NywPPOyhLfdvutgg0me,Los Abuelos De La Nada,Los Abuelos De La Nada,514472,2156.452138,5,6,7,https://i.scdn.co/image/ab6761610000e5eb8f1b0552958857772686f221
621,6GYXfifD78PYARjZzxQzrG,Benjamín Amadeo,Benjamín Amadeo,90137,694.75906,5,9,9,https://i.scdn.co/image/ab6761610000e5ebbae228a0a15c9631e6e56cec
622,1Y99HOeRzRc27my6NJE3rE,Natalie Perez,Natalie Perez,189757,589.073295,5,9,9,https://i.scdn.co/image/ab6761610000e5eb6e04925a063ef5bc168e9344
623,1SykQGBiBwkQ1fcGpJ1BJt,Los Tipitos,Los Tipitos,435096,331.709336,5,11,10,https://i.scdn.co/image/ab6761610000e5eb82f18692b08d6c69f0215235
624,7xJZNfI5Yks87tn3ebHy9h,Toma Tu Lugar,Toma Tu Lugar,168970,0.0,4,4,45,https://i.scdn.co/image/ab6761610000e5eb2b09833cc033fbe40d8a5eee
625,09947uhj2ZwU9mFXK5v50o,Johnny Pacheco,Johnny Pacheco,190817,968.478893,5,10,60,https://i.scdn.co/image/ab6761610000e5eb7dff83a1fc4f6f57e60f215a
626,5NvKO965JkIJanRuKQPVN6,Rojo,Rojo,458637,1015.870344,4,5,3,https://i.scdn.co/image/ab6761610000e5ebaa0e92c5bc092f3b1970a898
627,4AgfaZvOiSS97uy5ekQ7bf,Los Claxons,Los Claxons,448376,24.482058,5,4,3,https://i.scdn.co/image/ab6761610000e5eb47d70a8f1b6fe25ad296fb56
628,1jB62pOe5WpGiHOBDtKBBG,La Zowi,La Zowi,153296,4.813266,2,12,9,https://i.scdn.co/image/ab6761610000e5eb6f7616f4f987272181d47329
629,1FxsUemFullSXJpySUsT0J,JC el Diamante,JC el Diamante,25189,18.613956,3,2,2,https://i.scdn.co/image/ab6761610000e5eb52bbac93c0a9b1f1399c16d3
630,1w76rpst0I6hGUgCR2B33C,Generación 12,Generación 12,419331,124.566995,4,13,31,https://i.scdn.co/image/ab6761610000e5ebd362c81642c1d0fa255c7b89
631,0IAWTLWnUIzKVQDTGoYJk2,Los Manseros Santiagueños,Los Manseros Santiagueños,224798,0.0,5,7,2,https://i.scdn.co/image/ab6761610000e5eb738dee0380a9e253eb4f6ea0
632,4Rzu63KnqMsThOdfkrJk1Z,Lennis Rodriguez,Lennis Rodriguez,56106,1331.853031,3,12,15,https://i.scdn.co/image/ab6761610000e5ebb2b5916928136b9c3408ed9c
633,2AbQwU2cuEGfD465wCXlg2,Rawayana,Rawayana,395765,848.449914,5,9,7,https://i.scdn.co/image/ab6761610000e5eb9881ff5ef753e0aa4e825565
634,2rwLjVHS15sfzciKXXNbgA,Yiyo Sarante,Yiyo Sarante,392750,0.0,0,3,2,https://i.scdn.co/image/ab6761610000e5eb300a4eaf0111ea12cbf1ade1
635,4VsbQvC84B8Z3IsBY1HLQy,La Factoria,La Factoria,296579,658.518075,6,7,95,https://i.scdn.co/image/ab6761610000e5eb7846a5b60fa75074de768bb0
636,5Q1vijNjTVhQBoVrZVXms8,Mach & Daddy,Mach & Daddy,102399,8.148218,6,5,11,https://i.scdn.co/image/ab67616d0000b273c1819c539413082cc821cc80
637,1MXug5KOetEEQjjvCPWwIm,Gloosito,Gloosito,20061,0.0,2,11,4,https://i.scdn.co/image/ab6761610000e5eba345d2602bae2faa3f88f7fb
638,4rO00pQq33bIv73QyJdivX,Kabasaki,Kabasaki,4287,2330.601858,2,24,30,https://i.scdn.co/image/ab6761610000e5ebbf49d2c217c0851c90377ab1
639,3QchzUOTSCKWmaRGEEiuir,Saramalacara,Saramalacara,106143,1348.750866,2,8,6,https://i.scdn.co/image/ab6761610000e5eb7a42af70ca99f4ef4b54223c
640,6gyhsZUy2fzzWZBRVPmOw4,Soto Asa,Soto Asa,112482,8.633063,2,10,12,https://i.scdn.co/image/ab6761610000e5eba294e038d7d691746aff7e68
641,1I7FVmvisCtSFzmm87mbLR,El Búho,El Búho,112791,760.964628,5,16,5,https://i.scdn.co/image/ab6761610000e5eb47873d612508daa55adfc587
642,1QZuAtDYNrk2QMogJulsyq,Karina,Karina,216167,463.618487,4,4,3,https://i.scdn.co/image/ab6761610000e5ebdba73bd27e482df38a60788b
643,0DjGDEVSQsodFbL1bMVPRs,Miranda,Miranda,66331,2993.098031,5,28,30,https://i.scdn.co/image/ab6761610000e5eb8452f991ee028b2099f8bd7d
644,3J1MhhyXLJRNRZVrx11Lbf,Cyril Kamer,Cyril Kamer,55186,103.638008,2,5,4,https://i.scdn.co/image/ab6761610000e5eb2b8fccf6c358e008f2b40275
645,5ZMwoAjeDtLJ0XRwRTgaK8,Quantic,Quantic,288709,738.501448,5,5,8,https://i.scdn.co/image/ab6761610000e5eb9729e45229f59ed85658fc00
646,7kXCcNRLEnblbTAppPraBp,Milly,Milly,43925,167.91166,0,21,38,https://i.scdn.co/image/ab6761610000e5ebb50a521ce29a27691d7c7ee7
647,384MqcXCGGFh9UcjI5Tpc5,Eix,Eix,30731,25.516352,0,31,46,https://i.scdn.co/image/ab6761610000e5eb0812f19c31b8376058cac8e7
648,7DXregrznS25AM30UY9sUU,King Savagge,King Savagge,94020,52.154504,2,4,3,https://i.scdn.co/image/ab6761610000e5ebc3f34b98e62cc7e00d3d7cca
649,14lvrkdaXxggonwjKZpePM,Chano,Chano,136873,108.43641,5,5,13,https://i.scdn.co/image/ab6761610000e5eb3b00cbaf9b93647308f9f6e9
650,4gZwJrNP5NG3KGS2dRcS5c,Nekxum,Nekxum,1859,2.491109,0,4,16,https://i.scdn.co/image/ab6761610000e5eb5119cf37d4b00164b414cd9c
651,0FwnPHExlRRxEZPLAi5tmG,JC Reyes,JC Reyes,64735,983.150531,0,9,13,https://i.scdn.co/image/ab6761610000e5eb6c297793040162c826d33983
652,0VD8vX2wvCYYD0SMFCZeRR,Calero LDN,Calero LDN,114477,871.096019,2,24,8,https://i.scdn.co/image/ab6761610000e5eb38ec7babbf8421ce4152739c
653,105iYV1T7lf8Rysxo0KzfD,Nikone,Nikone,233894,686.131108,2,8,21,https://i.scdn.co/image/ab6761610000e5eb0c0d3a32887990fb67ff29c7
654,7gGKjAXKRyDUhSUhFDIaAW,Lupita's Friends,Lupita's Friends,4899,849.978579,2,24,63,https://i.scdn.co/image/ab6761610000e5eba1ef135674cc8f94fb4993c7
655,05i5DIXDf4Ai4NEPEi3uBZ,Atomic Otro Way,Atomic Otro Way,110616,6.824132,0,5,4,https://i.scdn.co/image/ab6761610000e5eb4e9139751bfbce1e37346c5e
656,6tvDaHOPNWfkc9Q8IghqSR,Walls,Walls,94692,1877.663861,2,8,6,https://i.scdn.co/image/ab6761610000e5eb06af74b3458ef7e0ab1005a1
657,2D8UzkIVdg1bj0Iqz6gjk0,Abhir Hathi,Abhir Hathi,12663,76.016015,2,10,12,https://i.scdn.co/image/ab6761610000e5eb702729fff9226feefc400257
658,04mTej6RpWzBxGwhfThpIi,Rojuu,Rojuu,202657,711.460859,2,17,12,https://i.scdn.co/image/ab6761610000e5eb1650797d9806e248c4a4adf7
659,5FQJWdcKPAijmEi4uroZ4h,Leïti Sene,Leïti Sene,30885,187.136753,2,18,10,https://i.scdn.co/image/ab6761610000e5eb5231afdf967b4a90a9665538
660,7CSpCpNGTK9589bTi44SzE,BANDIDO,BANDIDO,85290,1.487155,3,4,6,https://i.scdn.co/image/ab6761610000e5ebad86a1d73844fd12e8cad1f6
661,4aSlfXDn9R60UlbZEboBUy,YOVNGCHIMI,YOVNGCHIMI,29096,3.614755,0,6,4,https://i.scdn.co/image/ab6761610000e5eb4d8c21b6356b53bc4e374ce9
662,5KBPxIED8ejHkvhs4KCzyS,Granuja,Granuja,78702,55.154841,2,8,2,https://i.scdn.co/image/ab6761610000e5ebd81cdc550ee3cdb67d263372
663,05aVtfDzBvg9eVu9MAZPGD,Cráneo,Cráneo,152443,25.486425,2,5,4,https://i.scdn.co/image/ab6761610000e5eb841b611437fb6b209d6983b7
664,7zY0DMisq1oYXvNNgGwHBY,Juanfran,Juanfran,124121,745.377324,0,8,8,https://i.scdn.co/image/ab6761610000e5ebbef5b9ac1a9d20214eade811
665,6bxjoq64Y0HTfMc4GIbpyJ,vf7,vf7,52445,40.009157,0,11,15,https://i.scdn.co/image/ab6761610000e5eb256416ec38d69db00f28182d
666,3TEhIeweC59okLmqFu6LWv,Dani J,Dani J,46765,713.406009,4,10,12,https://i.scdn.co/image/ab6761610000e5eb8df48f2abc66f2b051724eea
667,7uXKIO6VDeOCo6ImWZpZJn,Mayo 214,Mayo 214,71451,479.546225,2,11,3,https://i.scdn.co/image/ab6761610000e5eb3e94077b18f53bf8d09fb467
668,3iY9PS7LxPnCVcCP7BjJOK,Hens,Hens,69653,0.0,2,9,3,https://i.scdn.co/image/ab6761610000e5ebe8e0cf31f5ea4863dfdd4f8f
669,3ou3XMRNmyDSy6gnC1bSgN,TAICHU,TAICHU,64624,1348.750866,2,7,2,https://i.scdn.co/image/ab6761610000e5eb1cde425c173b7541b13154e0
670,3v2sYzsuZVd0gAhMWgl9I7,Xavibo,Xavibo,53617,76.603329,2,9,3,https://i.scdn.co/image/ab6761610000e5eb1e77d53fc9341215b6b19193
671,60ZOYUFnCYEeKYsxgvPxOS,Cano,Cano,92453,1226.724501,0,9,21,https://i.scdn.co/image/ab6761610000e5eb8a5fc40573a62cd03ee8da4b
672,2TzPi0fPdqVesjZ3Y2wY43,Orslok,Orslok,74661,56.11458,2,4,2,https://i.scdn.co/image/ab6761610000e5eb66a74c1999ac9a8213faabff
673,7HFja6X48hWE58m3pQnGV0,Cardellino,Cardellino,74618,255.526128,2,6,6,https://i.scdn.co/image/ab6761610000e5eb47ea96b9d766098325335eb2
674,3FtVhV92rZyHa7ot2ioG5a,El Bobe,El Bobe,58299,78.480338,2,10,5,https://i.scdn.co/image/ab6761610000e5eba4a09a1eaddf00bfd735e250
